TransactionID,Account_ID,Transaction_Type,Amount,DateTime
44d7e34b-1bcd-4e70-b751-141a38b323f4,723,online deposit,4124640,1/1/2020
cff8e9fd-1f8f-4a7e-8e0c-2235326b04e8,642,ATM withdrawl,49174,1/7/2020
8a33e444-a957-433f-9f8a-d856528297d9,483,Deposit,66386701,5/17/2019
8343b4d0-cee3-4722-9ab5-648ed79fc525,536,Deposit,9258071,
8a4bb435-bd96-4bb9-9142-9488989a48cb,851,online deposit,95439328,6/22/2019
a3986d29-bfc7-4fd7-8bb2-71663ac2f53b,164,,35886573,2/4/2019
6b66cae1-b2ae-41b4-9d76-9a2e39185d31,564,Online Withdral,45275759,2/6/2020
bfc44fdc-3aea-44f9-b51d-2b4afb676e8c,81,Withdrawl,55696929,1/4/2019
d3d4d7ce-b6e0-47b5-af5b-1e87f5252a5d,261,Online Withdral,3818913,
9a06e337-9c74-47f8-b685-4130ad91b804,30,,75064556,
5339cafd-165a-474e-83db-81aac39030fc,798,Withdrawl,9779061,6/30/2020
5c3da73a-4e90-49e6-8aa1-612e9063e710,299,Online Withdral,51989232,3/17/2020
8a4ec3f3-cef8-4d04-8e5f-b18f685731f9,598,Online Withdral,65354999,7/23/2020
3876d3f9-edf4-4daf-a484-cf0e0b12838f,81,ATM withdrawl,12518471,1/5/2020
cfeca5b6-08ce-4278-a25a-35a5d39b7103,800,Online Withdral,88801863,3/22/2019
c03db4d7-9a0e-48ed-b5b3-8dfd205144e4,79,ATM withdrawl,71484983,10/6/2020
ae637601-666b-4499-8222-26a30d9b45c2,61,online deposit,91831668,1/6/2020
cc9617b2-7cf5-421d-8eb5-b378b5471e88,727,ATM withdrawl,71034483,8/19/2020
cb293408-6454-4cff-a04f-561841e38c58,806,Withdrawl,85069477,10/27/2020
de1698b3-ff71-4f36-ae5e-2e98a3bee5ec,989,ATM withdrawl,15897603,3/28/2020
a41ef317-9e0d-422b-9cb8-38ca55a12c50,707,Withdrawl,37251096,2/23/2020
0c2be66c-f0e2-4173-90d2-a962327e377b,882,online deposit,63995996,10/16/2020
0a7ee72d-5c6a-4696-99c6-b18d771865f3,998,Deposit,31894841,10/10/2020
ae57b83e-2544-4965-b018-dc84fa0f859b,34,ATM withdrawl,70756996,4/30/2019
23d73b22-8ebc-401d-9e16-2d0ab69e6fcb,342,Withdrawl,632482,10/18/2019
6fd38ffd-2028-43c1-962e-19e164865e6c,37,Online Withdral,82094078,
ed2cfeef-9608-41a7-ac9a-08a1dbeeffb0,461,Withdrawl,29996838,1/16/2019
4b5ab344-8ed1-4427-b70f-f91699c78ec7,352,Online Withdral,49265959,5/31/2019
af5cfa98-038c-4c50-bef5-677e36ed6169,678,Online Withdral,21945452,10/1/2019
389406d8-6d11-4bf3-a297-b12d96512632,428,Deposit,83698320,3/7/2019
3cd2fec5-ff72-4a8f-ba78-af9fe4cdbe25,785,online deposit,50779870,6/30/2019
17eb65fe-4bbb-481b-932e-b159a98dd61f,745,,50136684,6/28/2020
6ae605b1-d117-48cc-882f-3710cb250197,348,,51481684,9/3/2020
f9f920ea-a7ab-48ac-a25a-bbf0d469dd72,811,ATM withdrawl,13612265,12/12/2019
b97d67a9-9bec-42a8-9679-371df73b9742,945,,19878490,8/8/2019
2f94739c-da30-460a-b0fe-5b1f8f93c801,183,Online Withdral,40031681,6/18/2020
3e137e7e-c886-45e4-8966-bbc2923644af,372,,97738447,11/1/2020
bb977514-ee20-42ab-a23c-c8a2afc5ecbd,463,Online Withdral,37230958,8/22/2019
4b150e4f-8992-42a8-a6ad-e7515e20b0fb,309,Withdrawl,69037797,7/31/2019
8db47e1e-a8c1-4f9d-b963-b6bf7e5b762d,748,Deposit,91794667,5/27/2019
ac897cc8-3b68-4998-962f-17add2160236,649,ATM withdrawl,43856665,2/27/2020
1b587668-9de8-40d9-b4df-bad2d101359d,744,online deposit,82282026,11/14/2019
2d86b13a-14b6-4b65-b26e-69f31d8fd456,204,Online Withdral,53088162,2/27/2020
7fe947ae-c239-4319-99f0-6df29d75021a,851,online deposit,20193834,11/13/2020
1f140d15-15d8-4688-af6c-04e05d1c797f,176,Deposit,5624694,12/1/2019
a8a13a7a-7ec3-475e-8868-0f4b882c6ae2,942,Deposit,52996467,
21dc4d0d-db11-42b4-9d8d-d81241b5e713,382,online deposit,78106441,1/10/2019
40f8ac21-c2f8-4e14-aab0-78a043e16d49,984,Online Withdral,42895072,7/31/2019
aaf7d991-c251-40f5-bc42-849178f111f0,849,ATM withdrawl,27867542,9/29/2020
7b0aa126-7ade-43d4-8d03-bb5b98017dd4,488,Online Withdral,52718401,8/21/2019
05c38165-6fcc-4a7b-bedb-e9845acd24a6,579,online deposit,51886436,11/21/2019
29ce7da3-b0b0-4cdb-9f6b-e01207af0910,739,Withdrawl,30900996,11/22/2019
be5c5e35-9168-411a-ae1a-34c18cd9417d,91,online deposit,13065009,
ca2e1fa2-f3c6-4033-b801-0159f5026090,348,Online Withdral,82423777,8/7/2020
651386a7-49f5-435b-96ca-f16e2dc9a942,488,Online Withdral,45876178,8/13/2019
ed27cbb1-2b03-40f4-9d2f-ce10d64ff254,592,Withdrawl,45944149,7/26/2019
9cfc6624-eed1-430b-99cb-a761a6724991,922,Deposit,65667897,2/16/2019
4f53c994-8c9a-4897-8243-1b5d3abf6902,522,Online Withdral,13629103,5/10/2020
35bf5167-122f-4348-a4ea-d4f550054b65,70,Online Withdral,15502757,
1163241d-e5d8-4432-9588-7043be868c22,977,Online Withdral,61074151,4/15/2019
0e0930e0-3da3-44d4-a619-d9bce59f6071,981,Deposit,56156756,7/28/2019
b7c0a133-7954-4f28-9095-bbb67fa3cbe2,593,ATM withdrawl,45103273,4/5/2019
d5b6d103-07a0-422f-956d-866438e0ef4d,232,,47814864,10/18/2020
e2041f80-3d64-4b58-a101-340ab4fa983a,146,Online Withdral,47147243,10/25/2020
74579ed0-fa3a-4fa7-9821-8097f5f7ad1d,400,Withdrawl,18291839,11/7/2019
56c95748-e910-4c50-8440-06527d416fcc,709,Deposit,38181999,3/17/2019
1c560582-0454-4b58-8f19-db47f9974259,193,Withdrawl,3924915,12/18/2018
1aebbbf1-d234-4e1d-b1d9-96867c40305c,988,ATM withdrawl,49402446,7/29/2019
326e563c-934d-4fbf-9bcd-9f52e0fb33fb,879,ATM withdrawl,52246701,
b12581c3-c3a4-44ea-8a34-37456aa0017c,128,ATM withdrawl,16938305,
1309b1cb-d0d8-4a46-ab8f-fa5781edcd35,515,online deposit,41304413,
349bb00b-31b2-4098-bf62-c99e2f9b3663,893,ATM withdrawl,48381147,8/6/2020
cbd8159c-b4bb-4061-9d5c-32d60bec1df9,722,ATM withdrawl,44292388,
c8c88254-783e-46f8-859e-6c45286ca0a0,176,ATM withdrawl,11663068,1/3/2020
830d6105-20ca-4f96-9cec-b9ab6d8b414e,56,Withdrawl,44946675,5/15/2019
c76ab3c2-6495-4553-8799-5aeccbef7bc5,672,Deposit,8556991,1/28/2019
78e0ae96-aa0f-4af9-bdbc-28f8bb74571d,129,Online Withdral,2746307,7/31/2020
870f5c97-6d2b-477f-be19-ce7f8323358f,391,online deposit,63908380,9/25/2019
c1036fbe-3151-4ba6-b075-27f621a5e8a2,550,Withdrawl,3581486,3/26/2020
bc775746-da63-4ce2-9371-08d48b991b60,372,Deposit,31860784,1/1/2019
5a0e8ffe-d6ba-4cf3-ac6d-278aba025093,488,ATM withdrawl,28941496,7/31/2019
a4333fb3-82d4-4101-99b0-3dbb0de49429,296,ATM withdrawl,39824912,8/29/2020
107ca548-ff77-4f05-9964-cd7f85942439,951,Deposit,41473071,7/10/2020
de8fb0a4-0efe-4fc5-86cd-7844c2b0bbde,602,ATM withdrawl,13135268,10/4/2020
4daa26f2-30f3-4ab6-a6bf-dcb4c361a045,305,ATM withdrawl,96977777,9/18/2020
3ddd4ebb-1efc-4405-a779-910db120962b,546,ATM withdrawl,18445865,5/14/2020
b0e89e02-aabc-414f-baea-7f57806cef8f,686,Withdrawl,14616002,3/9/2019
b7abc350-6b2e-4e4e-b1ba-6ae39d60d37c,641,ATM withdrawl,59179298,6/18/2020
d45b05ae-64bb-49bc-b019-8c358e1cf4c9,666,ATM withdrawl,81351883,8/19/2020
bd5601b8-fc63-482a-8d26-1b733e86615a,581,Withdrawl,68634427,2/22/2020
8c2b4564-680f-4ea9-9d53-dfdcc3f14298,981,online deposit,91318560,7/26/2020
55604ca0-5f62-4d43-aa4b-bc17aebb143d,57,ATM withdrawl,71757632,
7e521e06-3272-4291-b4a8-080fe77f73aa,129,Withdrawl,73244778,12/15/2018
c9248890-f20d-44e6-a1a9-6e9da5da89d7,688,Online Withdral,79199823,5/30/2019
cbe7fe7a-9981-4707-92f6-3d236e56b02b,86,ATM withdrawl,36655306,4/20/2020
90a567c0-6f47-4f58-86f3-175ca2866f36,753,ATM withdrawl,94619277,10/31/2020
0619e548-a10b-4871-8a84-882a354e52f9,750,online deposit,16003610,6/18/2020
8f8c6ebf-25c6-402b-8bf0-54eb39409e6c,283,Withdrawl,67344371,10/27/2019
509d736e-c39f-4eb4-bb99-72a5c3809507,744,online deposit,9179441,8/9/2020
23a67a54-5d74-419e-94e7-c346bcfc162d,491,Withdrawl,40835969,11/8/2019
5a594452-3248-497c-b09f-2549688d3768,129,online deposit,25830360,11/12/2020
43a4aa85-cb9d-4ea2-8b3f-43bec523108d,864,,97762444,5/13/2019
170a45c6-bdc6-4572-98bb-cce838e48c11,570,Online Withdral,61766159,12/23/2018
a17d284b-dc97-4eea-8b1f-efcbd14c5c84,887,Online Withdral,55508478,8/22/2020
3e258cec-ea89-4587-ae8d-e02935856b64,443,online deposit,31819848,7/12/2019
0dc27c51-ec93-47bc-b961-c000f5a72194,448,Online Withdral,68257151,2/28/2020
c595e52d-9193-456c-b94d-a040b93485e7,425,Online Withdral,91993882,12/1/2020
11db3389-f723-4c0d-887e-ee096d3456ce,231,,64915955,4/13/2020
d6d12d0d-8ef3-4e6f-94d4-5937705c5478,24,Deposit,50543630,12/26/2018
d369f782-99cf-485b-a2d4-7f6fb6ca4e23,951,online deposit,20225030,8/16/2019
d95301a4-25bc-4c49-a520-6a06cc798278,683,online deposit,33373202,12/22/2018
1424aef7-0981-4e84-8dd1-19175dae5a73,654,Withdrawl,28824821,1/15/2020
986a4435-6fb9-4e16-adbd-3d4f10a70240,7,online deposit,85510939,8/5/2019
aecfb420-daba-4ec9-a6b0-e04b16c1d4f7,106,Withdrawl,12007456,7/6/2020
0a484df7-c172-4b80-b810-88464c71f776,562,Online Withdral,34312440,11/22/2020
bb9dcf5e-0946-49fd-9130-19835bd77633,876,ATM withdrawl,48052249,7/30/2019
71b85bf6-68d1-47e3-9fdc-964e02690c50,93,Deposit,60902494,3/6/2019
693dd802-7620-401d-b699-ab6601bf4d84,502,Online Withdral,26130028,
1f3c06c4-c4ec-456e-9893-de509cd07e2d,667,Withdrawl,78124737,7/24/2019
c18cd47a-17df-49a6-bcf7-b3b140382c5d,988,Deposit,92970592,7/22/2020
46781315-8596-4db3-904f-1b9f71a43ee8,469,online deposit,25209876,9/6/2019
52e100f6-be06-425a-bff8-f813c0897923,282,Online Withdral,57300993,12/25/2019
6db68c9e-a434-4856-9645-bc2bd731ff11,928,online deposit,2108108,5/20/2020
ca8191c7-5ff5-4c08-9550-4cbb6cb44478,106,Withdrawl,70649529,4/18/2020
62b92f18-0a97-4e42-bee8-ad54d2fb3ca4,233,Deposit,40116120,3/5/2019
2c958974-5ff0-4e73-84d3-588d2a92cd3c,579,Online Withdral,16844844,5/25/2019
562310ce-7715-4e82-8b8d-f20290c2ab00,915,ATM withdrawl,47141248,7/8/2020
44550099-1e79-4704-86ac-db2f420a8df9,373,Online Withdral,99233232,7/9/2019
8a7433d6-eec6-4a37-ba93-0a51e78d3c66,226,Withdrawl,68204753,3/2/2019
3a8dc01b-79ad-482b-91c5-617017e9c2bd,294,online deposit,1190533,7/22/2020
a5d48820-fd3c-43a1-a9f3-b264e3169ed8,760,ATM withdrawl,98543556,
ef62ff98-7829-45cd-b020-2e951b8d6d4c,849,online deposit,67676897,4/1/2019
062836a9-d648-493c-8d79-58b3b4fd51eb,175,Withdrawl,50942026,7/13/2019
2f41e043-dfd4-42a0-876c-c8f69608af0b,754,Deposit,32534056,7/28/2019
b1b4588e-8f51-4220-a58b-f1e0ab0efb4f,312,Deposit,94514452,
f72431d6-1e69-4c56-8c4b-2f2bedfa7f1d,159,Deposit,27287910,6/26/2019
48d67708-4d23-4122-88bb-c1881403836c,862,Online Withdral,51084961,2/2/2020
502330d2-2bd9-4307-a6b6-73fe7b3a7415,809,Online Withdral,13645615,
eecde4cd-5db4-4922-9a84-c4ba9307422a,115,Online Withdral,10291156,1/24/2020
c5b03a0e-4c96-4581-bb70-b0c516265982,283,Deposit,55222024,4/12/2020
345c3e2c-9176-40af-ab71-0de870faa1a2,954,,4587955,9/20/2020
fb6c0bd6-516d-462b-a471-5a8bb2b94fd0,316,ATM withdrawl,38068217,3/15/2019
d1a1f06e-5d82-4b47-a578-cf76b5e17d54,803,Online Withdral,42381698,11/15/2019
3e9421a3-a2fd-40c8-9ef4-52a9ae860a2c,284,Deposit,67479692,10/24/2020
145bd613-f66e-4789-b83a-5cdf720213a4,428,,37690907,3/24/2020
ed3e77e5-6688-443e-8d0f-a55c0e6ccf96,187,ATM withdrawl,84214892,10/15/2019
6c58b99d-e910-4aea-8b11-f6be09745cc0,476,online deposit,1745967,12/24/2018
9d78246c-88a5-46b7-9d62-2f5e32d208fc,129,Deposit,570190,12/15/2018
1011382e-cdbf-4759-bbf7-99abf5ddd100,274,online deposit,11336340,3/29/2019
57a3d0fb-c633-48d1-a2cf-b86a7b3c95bf,482,online deposit,32883642,2/14/2020
50e69374-f043-42b3-8d1a-a0d781036d16,848,Online Withdral,74907568,11/21/2020
dbd57a07-bb9f-40f7-9691-55c5e35f68a5,278,ATM withdrawl,34145178,3/30/2020
8664b402-5dfb-488f-9ca1-03b70d1d03c4,238,Deposit,64982500,8/13/2020
de911fa1-cbe6-4098-ba4e-c1db8fdab699,760,Withdrawl,17019238,4/16/2019
8b7710f2-96af-4295-82da-58dadd9afd10,512,,82171942,6/4/2020
a98ebb1e-34c7-4c44-ab8f-95c19a790b98,984,Online Withdral,69610547,9/11/2019
2951aac6-2312-4e8d-ab65-f520969baf61,988,Online Withdral,9450168,
f8297e55-18f7-4800-8abc-c4613b9d4a01,309,Online Withdral,33997347,
9698e808-4d55-478c-a41f-7e2e24737807,748,Withdrawl,40162471,12/9/2020
71fea683-cd0d-4ead-ba1d-f96c01b096d9,136,ATM withdrawl,66088676,6/22/2019
5cbf0bef-a961-4688-a2ce-a8fa94f12fe8,417,Withdrawl,60979593,1/28/2019
43641b34-eef4-4570-a0ad-da6b9360a288,132,Withdrawl,53428424,6/21/2020
e96ec608-5b95-419d-bed5-c922365b9e39,595,Deposit,62948107,2/16/2019
11dbca5e-767a-4c5f-87e5-6e34fa77c117,117,Online Withdral,7977233,11/2/2019
47493a64-0cac-427d-b82c-2c1d74c7eeb1,852,,1304099,7/1/2020
46966b75-4a22-432a-aa7b-9905244271d9,409,,90469561,4/12/2019
874bb6b4-13e5-45df-a10c-51e5a855922e,739,ATM withdrawl,30898027,4/26/2020
2c80ece1-8fcc-47c3-807b-fadea60c05e9,280,ATM withdrawl,47777483,1/8/2019
e2953d18-4899-480f-bb2b-f5f044d9e37d,431,ATM withdrawl,63876939,10/24/2020
9bc1103e-2abe-4943-9689-96e218f409c7,730,,2274624,
6925c630-7abb-437e-b3fd-1c2c37879007,898,ATM withdrawl,2699280,7/13/2019
ed90ca51-4848-4feb-888c-ebf1c5e84dc9,224,Online Withdral,22514752,3/4/2020
7d6c451a-3319-4360-9fd5-c68f5422dd8c,409,online deposit,77079043,8/10/2019
a4207eed-40e0-4a78-9df6-5b33c37dcf5f,854,Deposit,1372729,7/11/2020
90e46090-17bb-46a2-9db3-492f23b129a6,579,Deposit,82558754,4/17/2019
7270d895-39f2-4c2e-8970-88c972a56667,42,,49136929,4/12/2019
b2288ea6-1f64-47ad-8b5c-7cee2cbfce7c,526,Deposit,92593169,1/7/2019
52449376-5bc8-4b60-9e0d-d5c3e0b22253,792,online deposit,99504783,4/27/2020
ba4f23fa-b026-4efa-8c86-adafb774296d,523,online deposit,82689074,5/18/2020
895a77b9-dfa3-40f0-be3a-b2a476c46ebb,211,Online Withdral,21808013,10/13/2019
687df877-8012-4f3c-9c27-3e6a2eb0ad4b,472,online deposit,32846352,11/1/2020
52c84f6f-4fe8-47e6-87bb-659b1abb60bd,523,,90135670,3/29/2019
d84fb313-33da-4992-a02c-ca80e7053618,425,Online Withdral,6872669,10/24/2020
8e3c8b81-7455-4c35-ba02-cd6dbe1b2732,226,Withdrawl,25332712,10/28/2020
9545646d-83ce-4b17-9a45-959273597760,312,Deposit,40399918,1/4/2020
fff9091d-cbde-4d7f-839b-64fe1427ce66,281,ATM withdrawl,74956371,7/17/2019
e3a01631-83a6-4ac6-8903-03d1985c4671,652,online deposit,34317460,12/3/2019
8b759a13-722b-44fc-84e2-d5a319a3752f,266,Deposit,52638022,6/28/2020
f6ed2146-02d5-4991-8bc1-ca3ac00ea318,206,Online Withdral,7699014,6/10/2019
04e43c36-e60a-4ba8-92cd-427e15c67e89,945,Online Withdral,45709981,9/9/2019
12708396-c00c-4fcf-a032-892125a9a724,877,ATM withdrawl,90460758,5/27/2019
bcf682fa-e7a0-4637-9dc3-0127aee7cb67,286,,16120964,9/22/2019
174e969b-b8a6-427a-abfb-b5afeaf39982,901,Deposit,94865111,9/27/2020
2b3b6f3f-87d9-4b56-9e7d-20e2cf5f7fbf,222,,94296283,10/24/2019
e3b75101-78b1-46fd-9b42-a23c331d7dbb,849,online deposit,67283498,10/24/2019
a745b405-46ee-4550-9bb4-f33eb3f31e6b,892,ATM withdrawl,81893918,3/20/2020
3655fef8-dcbf-4e6f-b8c4-3a1ed76f108a,740,Deposit,63933368,11/21/2019
63ec398b-1e02-463e-9d52-d67623b5f714,58,Online Withdral,45528435,8/11/2019
c5c2da75-f2ae-466a-9581-11c8a9ef63fc,864,online deposit,18242966,2/22/2019
4efc35ad-478f-450d-bab1-0bc52069e50c,863,online deposit,91338787,
7931577b-e915-4bac-9597-10f2077a18e2,488,,7080543,6/7/2020
f892bfe7-29b8-4e87-88f2-b978e7e563c0,312,online deposit,3832779,
b073d1cf-0fcd-4e4a-82db-0440589c02bc,813,Withdrawl,26978728,6/29/2019
954ab203-0b01-43ff-b8c2-a96dd06b25df,188,Deposit,30201078,8/17/2019
40ecc1ea-8781-45e9-adc0-0054422b76a8,883,Deposit,86019693,4/24/2019
da53c5ae-64f9-4d33-bbd9-5a8fd84a7ba6,548,Withdrawl,17255734,2/26/2020
d1a7bfdb-c430-4e5f-9641-a1bb02721017,986,online deposit,43422064,3/14/2019
ec32259d-b406-4455-8548-7d307b08b224,224,ATM withdrawl,30155528,1/18/2019
e6d2ca5d-3d38-4e96-bf8d-2969f8cb0fb9,920,Deposit,50835951,12/30/2018
1d99300e-b748-48e1-826d-ce96fa314e17,586,,80943024,4/20/2019
025d7512-920a-480b-abb2-fa42888e14d7,483,ATM withdrawl,44007646,5/5/2019
ccbc8ad0-aeca-4d6e-bbcf-c0cde0984a24,682,ATM withdrawl,17260576,4/2/2020
52650d67-c53c-4633-89b0-7b8bd33c3d51,757,Deposit,32994036,11/1/2019
65a313dd-f7ff-45a6-908e-1f4d6ff7aa57,135,Online Withdral,40699416,12/1/2020
e47242bb-cf2a-4220-9b1e-02e4f04580ca,324,Deposit,91864552,10/12/2019
db47e494-6ffd-45fd-b053-f93e2e966453,187,online deposit,61606528,
1cb16ed1-0b64-44e4-98ce-f0ae42a4a918,594,ATM withdrawl,96580784,8/17/2019
9e0acfc1-045d-4c02-970b-1ebf54bf3ab7,882,Withdrawl,88841581,6/2/2019
431e3076-8235-4f38-853b-e12fa9c50b72,977,ATM withdrawl,37446947,7/7/2020
2362c2a2-27a6-4f7a-acfb-9bc50bc89804,988,online deposit,92082934,12/20/2019
92716d9a-5628-46a7-a161-1f2fa460c5a8,554,ATM withdrawl,68955550,12/12/2019
6cfaec44-d4f2-4442-a0a4-4b4d7e56ef49,57,online deposit,45636694,11/14/2019
c15e2577-ccc8-4634-8d13-670c0778e792,690,Withdrawl,84688689,7/18/2020
7f03ded8-8cc2-4928-a6e5-bcb86c58f79a,820,Online Withdral,78881830,3/14/2020
53225d87-94d4-418d-959a-b4bf7942c058,988,Withdrawl,84574023,3/18/2019
fdc003ff-7f81-44ae-94b5-217f531dae52,515,online deposit,62388684,1/23/2020
370382e1-6190-44c3-b8b1-a2ec1962a7cc,809,Online Withdral,26902531,8/2/2019
e4514bb0-3d61-4a5d-bd98-63ee4d83f1c0,981,Online Withdral,32910192,12/11/2018
c4c455c6-6ba6-4452-9a24-38cd006e86a8,497,Withdrawl,27820574,8/16/2019
fa4543b4-d065-4735-b290-6d6745f5fab2,625,Deposit,49596038,11/9/2019
aea9f686-3fd3-49e6-a14a-4961ca98ca24,757,,70933369,4/21/2020
9128a788-656a-4b26-b5ad-53e40a74f823,977,online deposit,71324048,
35c8e7f3-1276-45e6-9d86-74ff32fb187f,847,ATM withdrawl,81721564,4/19/2019
76889c4c-154d-4527-8bed-2398940d03ad,100,Deposit,70658697,4/14/2020
10854154-5071-4a58-9ca5-af7f0edee292,881,online deposit,66836737,9/18/2020
0af5db26-d40f-4af6-8853-a312e6c538b7,240,online deposit,27656172,1/6/2019
76df9193-1acc-4e26-8300-bdb804ea9cb6,343,,25096912,7/15/2019
7e6e1c1a-21a6-4440-b40b-f2051a55bd78,890,Online Withdral,66454460,11/28/2020
82320a9b-009b-4895-ad2f-5f62bf474684,652,Online Withdral,42358033,7/1/2020
db8d4cb7-510e-4be1-9730-d3cef2f903d8,951,Online Withdral,39291375,3/29/2019
7ba1edf7-2c29-4add-873c-0377d3d63b80,730,online deposit,8415635,6/30/2020
736572f8-7f58-4e2d-8604-9bb462a424de,657,online deposit,3531450,7/18/2019
e1e79a3a-1f1f-41a4-8358-e2c41fce4a36,969,ATM withdrawl,93742565,
39f111f1-90e5-44ad-9d68-740fc23873f2,680,ATM withdrawl,32774635,8/7/2020
4ecc0e94-ac84-4b2f-87e7-b09dc1ac13d5,98,Withdrawl,14909761,12/11/2019
3cd69b55-3c90-4bee-aa11-98bfbd9b2ecf,909,,42217494,1/12/2019
d61e9dc2-bbe8-47aa-bb56-3b9aa94809f0,539,ATM withdrawl,13879130,4/16/2019
8c7f1a60-b59b-470a-b4d4-aac4db2830c6,331,ATM withdrawl,38029251,9/1/2019
d883182e-47a4-4ca1-8b59-db8203ce667d,352,,27889113,10/27/2020
3a265d35-e3b7-4292-8ec7-05267007c4c8,863,online deposit,68014389,1/24/2020
4cf53c23-3fac-4db6-99eb-2c7e780af982,348,online deposit,80857414,11/9/2020
faecf585-f1f8-4739-85fc-f96c5fbfffb5,292,Deposit,30366002,6/19/2020
b23cbb6d-7146-4efd-8bb1-f8f721d111b3,963,Deposit,79275674,
8da5dbf5-10cf-40f8-ae85-aff03cc70093,409,ATM withdrawl,75085760,6/4/2019
a8c1324a-25af-4295-8048-0beda8d01a48,206,Online Withdral,27235548,8/24/2019
b54778cd-2299-4a8b-a0f7-e91b1745b629,373,Withdrawl,22956044,12/11/2019
d3e496e1-e773-4c7e-ac7a-093b79ebaced,564,ATM withdrawl,13478219,
4576fe43-3649-4a1c-8efb-23c0f3b3bbcc,911,Deposit,81453049,6/6/2019
60edcdb4-4ba7-4e0c-b08a-19fcc13905c0,695,online deposit,30367413,6/24/2020
ce76ad05-d055-47ae-907a-55069efecfc4,980,Withdrawl,5147721,3/12/2020
89a55b9a-383e-43cb-96b3-81cbcb2ca672,61,Withdrawl,99380314,4/30/2019
9478bfbf-90ce-4bc7-9787-35637fcece81,594,Withdrawl,45122503,12/20/2019
402e2960-d6da-4f2f-8934-8551812545da,364,Deposit,68132102,4/18/2020
6b24610c-a2dd-41fa-8a28-2990cad7458c,360,ATM withdrawl,5191034,5/29/2020
d3842177-fed9-42cc-bc07-0d138d211f4e,373,ATM withdrawl,57069806,2/5/2020
16ffcd23-35f9-4be5-91ab-a26755e6155b,312,Withdrawl,16901084,
0dc5dcd0-0dfb-49b3-8f59-0b8034ab2bac,480,Withdrawl,20852085,6/25/2019
9a8d28a1-ce7d-425f-b470-e5f09014dec7,117,,50244452,8/22/2020
107fac7c-bcc0-4b08-8376-7ba6c93c3eaa,435,Withdrawl,53870063,4/19/2020
746eff20-8cab-4d6e-99bb-b67d297b1a8c,929,,57487987,4/27/2020
d7e13f52-476d-4048-bfe3-13eb5425257a,15,Online Withdral,16380104,6/19/2019
3a3e3cde-297c-4505-99df-6bed58a89f0e,43,Withdrawl,1618430,5/11/2019
4609f3d6-2f6a-4074-a749-c6565b1f2353,944,Withdrawl,53860171,
c23be02b-7397-48c8-b499-44f55813ccf9,690,Online Withdral,48259005,1/18/2019
68ba0c6c-e578-458f-b7db-3c5ac9df331d,303,online deposit,27764885,
269086a9-3df7-4306-b71d-b5510ccfd9cf,592,online deposit,74291587,1/12/2019
d233079a-39e1-40b2-b1e9-2a08eecb6f17,388,Withdrawl,91733872,
6a330f5e-ce96-4a43-824c-28f1600cd847,348,ATM withdrawl,87035744,4/16/2019
e6332edf-663f-43d5-9165-e14df69812d9,550,ATM withdrawl,92034131,
e6e51bc9-6a1b-4e4a-85bd-e3620cbe78e2,935,ATM withdrawl,41883279,11/19/2019
90610867-77fd-47d9-93c1-2aa69dd2fea8,75,Withdrawl,74851919,1/25/2020
7600b9d6-af39-4548-a8a2-d18992f14fa9,519,Online Withdral,43680168,1/7/2019
db330eab-fc43-41b7-b739-4b63d62f144a,813,Withdrawl,17886861,9/9/2020
9eb1f0e9-ddba-4892-a43f-87661793dff0,132,Online Withdral,11092488,1/14/2020
321fdf5d-a913-42b4-91db-f9187d65fe48,347,online deposit,36505749,12/23/2018
dc2223a1-0aa1-49e7-90b8-4d019da0a1f1,571,ATM withdrawl,27812701,9/26/2020
47ac4f8e-1ad9-43bb-b538-755eee2a621e,757,ATM withdrawl,75912941,8/8/2019
d2cd631e-6e7a-4fea-adf3-b782c6b3ab4c,629,ATM withdrawl,24051547,5/16/2020
3a86d1ca-b34c-4100-8f40-47c6c473c04f,854,ATM withdrawl,1359237,8/27/2020
72af27f9-5b6e-444f-a079-8644dc5f201f,879,Deposit,38444200,1/13/2019
f43b45c9-2d40-49ed-8ca6-9e9bbbba3763,852,Withdrawl,52515876,12/25/2019
41da302b-4209-4dc1-8a63-0939c3b3604a,957,ATM withdrawl,86196201,3/8/2019
d93f05ca-d4f3-43d7-ac81-75e5e3837818,118,ATM withdrawl,48108855,7/17/2019
a001e047-7480-4b80-8780-6fe342ebe94b,833,ATM withdrawl,94299902,8/12/2019
d56bb015-9b0d-46f9-99f2-ff036f1ea4fd,759,online deposit,56900394,6/15/2019
45025ac3-89ee-4c8a-aa9b-6eb037ab845d,969,,55794405,7/20/2020
dc816132-63ca-4119-9671-05b4e717fb77,831,ATM withdrawl,43876681,7/17/2020
f2ddab72-cbc2-4030-94cc-09a5bcac4afd,153,Withdrawl,60404257,7/19/2019
87a791da-f7f4-4174-910e-bddd18bd1e0e,448,,87137635,9/14/2020
17602e88-0ac3-4c5b-9c54-4f3df793d505,685,online deposit,84005136,11/29/2019
8b9caf22-3709-41c4-8546-77705bf1dad2,224,ATM withdrawl,48986752,8/3/2019
e3ef75de-e554-430c-a512-7f472ff5a3fd,145,online deposit,62876992,2/28/2020
3dea3fa0-15ac-477a-b90e-da7bbdc84522,150,Online Withdral,28562727,
44b68460-884e-4647-ae5c-b899d87b3995,646,online deposit,45411994,2/19/2020
b8f6ea11-dc81-48ad-9544-94d34af604cf,658,Online Withdral,93004470,5/30/2020
a7708908-7ed1-4b53-bdb6-21bdfd23e955,595,online deposit,60435021,4/11/2020
93349167-2610-46bb-82e7-93f8fffe16a0,176,Online Withdral,29430048,3/8/2020
6f7d752e-41d6-4813-93e6-529f05e1fa60,830,online deposit,21031745,12/18/2018
960929da-4bbc-4538-af90-2a12a2858d46,404,ATM withdrawl,72893623,8/3/2019
18e4e7d1-c2c3-448d-980d-dc9898d0fc95,760,Withdrawl,13644085,
9e050e70-12de-4031-805f-b44c0d93ee37,94,Online Withdral,18433490,6/3/2019
4ce27228-bd87-4e5e-836e-73df8075c3e1,354,Withdrawl,5761411,6/23/2019
6ac8b7f7-57b7-48e2-9d16-45ce59337983,754,Online Withdral,36216080,12/3/2020
49725352-4cfd-49d7-b218-90d89f3410a9,211,ATM withdrawl,68545747,1/26/2019
1c5d6b10-ca42-40b1-8081-0e233c6bae2e,61,online deposit,71908757,10/24/2019
c818d1ec-c7fa-4640-bee6-775928de57b1,993,Withdrawl,79673197,10/30/2019
3747ee21-a9ac-4218-98b9-8bdde5133d3b,856,ATM withdrawl,57960760,3/2/2019
406bd209-2207-47f1-b181-b75bb57782e4,991,Deposit,48601480,12/6/2019
da429959-3bad-4097-b163-6797cfaac33a,831,Withdrawl,50217158,5/25/2019
74ec93fe-a4d2-4aab-b21b-df06b3926823,214,ATM withdrawl,76774097,3/1/2019
649c225c-d85c-48c5-80c9-b78ed9b0c35b,630,Online Withdral,43262483,
a4f18061-4455-4b0e-8518-c3d2b3d87ccc,187,ATM withdrawl,95385382,5/16/2020
7e8b385b-00b9-4082-af19-b314d76dfeb6,227,Deposit,94610934,6/6/2020
80e4cf20-bc62-40be-92b9-5c81a4aa42d3,481,online deposit,47257902,8/15/2020
9e7e623c-19d4-4a06-ad89-471ac60b0f68,336,online deposit,56185983,
bf8e4551-6c67-400e-b0c9-d407f001084c,387,online deposit,39288445,
663de541-7f5e-4387-8dfd-55a2c0f1ee5f,765,Online Withdral,69991317,10/12/2019
cf17bec8-2820-4fe9-80c1-6807a64e12e6,314,Online Withdral,12324542,6/24/2019
3111eb40-a536-4b7c-b14f-309494aa14ed,863,online deposit,90741417,12/10/2019
acb8dbe5-4103-4593-91d5-17ab73cc345e,751,Deposit,2596662,12/2/2020
272f13a7-c0fb-4727-85c1-64d929e702d6,733,online deposit,83525628,6/13/2019
fb0ab2aa-c520-48e9-bd2f-e678e14495ea,753,Online Withdral,55336846,10/27/2019
b75a6983-4e0f-4bea-916e-3ff7842994c6,698,ATM withdrawl,84103635,
cee88e27-f81a-4ee3-b9e0-ae41a7e31df5,337,ATM withdrawl,91802170,10/23/2020
df4a632f-7fb9-44c0-9e2d-ce84ad10db28,704,Withdrawl,940848,8/22/2019
1e1943ec-57ac-481c-acbb-b81ba642dfa2,42,ATM withdrawl,19155502,9/17/2019
1e9628be-248d-43a9-853f-c433c98f5754,844,online deposit,39123983,4/21/2020
e58ce231-ae25-4ef9-9e35-36b5d0b697d6,767,Online Withdral,37332264,4/21/2019
c71d8040-dd68-4394-b97e-e5119ba85866,117,,45451556,4/25/2020
90f2657f-8ad5-4cd0-a0e4-da4c10c4ec50,70,Withdrawl,21305581,7/8/2020
0eae5aa7-e8fb-43ea-8633-ce4527e7cff3,30,Withdrawl,70324913,2/16/2019
abfbe064-6dee-4926-bf1a-ec87506731df,739,Withdrawl,23656228,11/27/2020
15dbd35d-33ee-4782-ba4b-24771d6abd97,363,Online Withdral,52377357,5/9/2019
9713c9b1-3c64-4cc4-94a4-b56d21fb749f,93,Online Withdral,65923679,3/9/2020
cc166952-8d05-4254-89f8-6e9357980d59,532,Online Withdral,93978675,7/28/2019
040a8b64-ef5f-49ea-ba54-a44b8c7dc20a,750,ATM withdrawl,88426452,8/10/2019
ab49e60f-8286-416b-ba38-5a2c9dfbf4f2,737,,69892952,11/24/2020
1c2dcd4e-8491-4108-96a8-8186d8e51ea2,348,Online Withdral,97376656,1/3/2019
68fc2c6f-dc24-4716-87fe-cdacb37deb4e,894,ATM withdrawl,52877176,5/20/2019
64b8d562-ed6a-4322-b282-c1a84c24692e,132,Withdrawl,81917978,10/18/2020
6f91a7fb-f6a9-48a1-a23d-6c8294bb4ffa,745,Withdrawl,87800893,5/15/2019
0d3db866-547a-4437-a8ba-b70fe360c635,273,Deposit,98358086,4/22/2019
b5c39512-e7a1-411e-a2bd-92064731e0d9,737,Withdrawl,86360769,5/16/2020
6b686833-0d2a-48c3-93da-db28f2924e89,564,ATM withdrawl,89885616,
4147b2ad-f9a4-4dc8-a6de-faba9f950e5e,564,ATM withdrawl,27258855,3/23/2019
3440613a-5807-40d1-9058-60fb616673eb,304,ATM withdrawl,20651134,11/16/2019
f508f6b9-277e-43c2-bdb6-21e4bcb70b90,42,Withdrawl,37017772,12/24/2018
a642be16-664f-4c1d-b46b-b7e0dcf61f23,89,online deposit,78804451,6/4/2020
139f1c57-8c3a-48fb-bcdb-2adb559e0ccb,304,,99963298,1/16/2020
7bada9cd-17fd-465b-8c36-569476852dee,478,Withdrawl,20777249,12/26/2019
ce342b27-e686-4bb7-a14f-903514b19799,748,,3354819,10/30/2019
689d6fc1-5f4e-4b1c-8fd8-0c705779e392,310,ATM withdrawl,96146778,6/19/2019
0f51c839-8aab-4e09-8d74-576feca421ab,945,Deposit,55473494,1/31/2019
9d65ad83-402c-46cb-a416-e7fe7a45904f,662,ATM withdrawl,9867070,
f0dcf0db-11b6-4d65-9bf3-72f5199c2a82,904,Online Withdral,30984262,7/18/2020
f7dabca7-9778-4a01-ae62-52d8eede09b9,449,online deposit,68836651,11/16/2020
10d94e9c-14ba-45b3-85f9-90a6f2e4246a,727,ATM withdrawl,87090356,12/25/2019
85740c3a-550c-4ed9-9787-9e3448c332c9,748,online deposit,13848072,5/7/2020
647f01b7-03bd-4e62-8aa7-f9b1e5277379,188,Online Withdral,84090128,8/2/2020
12156aa9-6d91-4ad2-bf5a-012d7e9bbff2,950,Online Withdral,61044207,3/8/2019
5f84e76d-523f-4f91-9422-7b2177ba6115,211,ATM withdrawl,72321882,8/26/2020
05e46f40-5f4e-4231-960a-258a9ceee7fc,136,ATM withdrawl,66982280,6/22/2019
d631e8c8-1c05-4976-a1bb-9876303110ae,748,Withdrawl,17334014,2/4/2019
deecedbf-b006-4130-99d7-b60a00b79f74,668,online deposit,19984685,7/2/2019
d1754d9e-e778-40da-973a-d32955851298,727,Online Withdral,78304539,9/14/2020
9858e40c-86d3-4c59-8095-26a7f3fcf710,278,Withdrawl,65786761,12/15/2019
71da796e-dfee-4b5c-9d4b-c2f305d4c30f,914,Deposit,91215618,6/19/2020
1ce4f028-738b-4c60-a4df-0667520e213f,182,Online Withdral,62510192,3/15/2020
e6bfc120-5887-4d12-88bc-a11465b39039,688,Deposit,49684891,
68c8d6d3-4fd6-46aa-b870-0a1fd1487e88,503,ATM withdrawl,63030565,3/8/2019
8ef93b38-9578-4498-8218-272bb4db391b,355,online deposit,36092985,10/28/2019
48586326-545d-4ea3-84cf-96b595b4cc6b,364,ATM withdrawl,23273040,8/29/2020
01067157-a9ce-47c9-9994-2c8eb50a0269,735,Withdrawl,8085016,2/2/2019
aaedb33a-69b7-49ee-9107-c012e1fcddc2,292,Online Withdral,1591050,9/14/2019
7faac1db-71fb-44a5-996c-35414ec8e316,16,,66848009,8/29/2020
187312ad-9a23-44f8-b6cf-b57e1f2fc6fd,520,Withdrawl,91924505,5/31/2019
434bec07-2009-4fc1-8823-1911995825c1,847,Withdrawl,41130741,8/15/2020
8ef2db71-b06d-4040-9672-2781bb4c13d0,343,ATM withdrawl,43005598,4/22/2019
289fc827-d865-47b1-9cb8-a7d4b6906e63,286,Online Withdral,59355708,7/10/2019
e58be368-0cc6-4378-9bb2-a6f7434d57b8,365,Withdrawl,18812629,12/9/2019
ba9dba28-f5f9-4c38-83bf-ccb92f2ea682,638,ATM withdrawl,77111015,8/15/2020
4437771a-6607-418d-918f-991fd596b385,525,online deposit,84043888,2/7/2019
b3ef8e03-7fd8-45fb-ab28-5192540c8b62,605,Deposit,25316292,9/10/2020
1395a947-6fad-4657-b0dd-255d56847ea9,224,Online Withdral,38648640,6/26/2020
b7a43eac-9e88-4a9d-8719-6f9bc4dacfc4,456,Withdrawl,66728357,7/27/2019
605b0149-3d67-4cf6-b9fc-6018abb65d38,981,Withdrawl,3257948,11/30/2020
b0a6c8b1-61f0-4f69-8265-14e6a71e2548,343,online deposit,90816639,8/5/2019
8eb21913-b702-4c4e-ba0e-ab8aa24ae5b6,892,online deposit,81415669,10/1/2019
92382a9b-6af8-4c9d-8acb-09c7a3f251ab,187,Withdrawl,95969552,4/1/2020
5f5c6570-de8d-4cfa-b857-c259c71e182f,750,Deposit,40167027,11/4/2019
79b82d89-289e-4ae3-ba10-27fb846656e7,74,Online Withdral,62488174,8/17/2020
8ef3b128-f3e8-4bac-879b-28c12cbee20d,357,Deposit,7349571,
38408979-12b5-4434-82b4-2f1a2561b472,193,Withdrawl,27382411,2/8/2019
5ec6ef29-dda0-4a2c-b957-4a2c817db180,834,Deposit,7180204,11/27/2020
d0a0a1a2-1d63-41cf-899b-2a094bf4100a,846,Withdrawl,7747124,
7bc59b1e-1804-4983-8ab8-ecb646c4f895,220,Deposit,26777501,
0ecf0ad5-575b-4a4a-b1cc-80ecc51e266a,480,online deposit,25394783,8/17/2019
67cd8c1d-0569-47df-ada7-2f4b83b2866d,946,Withdrawl,88282601,
59527209-b237-4532-8fbf-e9f43ba28dfa,42,Withdrawl,59900111,5/1/2020
9199117b-eccf-4510-9275-70bd7117e21d,344,Deposit,91868747,4/25/2019
10d97fb3-c283-416f-8240-6a92e49ffeb5,311,,12865974,2/16/2019
418a7e4e-5924-4cc4-8d2f-2d14e74e1ab2,299,Online Withdral,75507201,11/19/2020
d2ac3190-26d3-4dc4-906e-d4542a5e59d6,155,Online Withdral,9344375,2/12/2020
1a101e2f-4282-4ee9-8e98-954831abfcc6,570,ATM withdrawl,41619029,7/3/2019
67475a09-a005-49da-a714-2f23e16c9546,564,Deposit,63890311,10/20/2020
f6bb852a-88c2-43a9-8293-2fafc9c15963,656,ATM withdrawl,16849196,12/2/2020
03b38221-150e-4a6d-8459-ec926be6bc61,780,Online Withdral,20389596,11/2/2019
391152c8-8b7f-414f-b250-3667e7b001a0,309,online deposit,13154264,
e4335e34-320b-472e-b4ed-24d4b2cc41d4,401,Withdrawl,16520006,6/30/2019
060974d2-0c8c-4cf1-b883-b77354a43f81,598,Withdrawl,61099020,2/21/2020
d654b4fa-7e64-4b67-9e24-fa4fb81deb47,247,Online Withdral,14734977,
5c05e47a-5bb0-4e9b-8ff3-eb9e42da1c78,45,online deposit,33111579,4/17/2019
57eaf20e-e869-4a60-8805-414bf20d2f4c,767,,51073004,5/1/2019
04eb1bca-fc55-4afb-b923-0728407f0693,444,Withdrawl,46670645,4/27/2019
36debb35-8b08-4ace-b8b4-e8cc700b87f0,354,Withdrawl,32767746,5/28/2020
c731e6d7-c8ec-49ea-ad79-89d06723f274,950,Deposit,50706017,2/13/2020
a6d5af40-f9d8-4981-8b64-ce610a138296,388,ATM withdrawl,48860109,4/1/2019
5191c027-34d4-43d9-83aa-ce7cc8211b92,70,ATM withdrawl,33769954,2/9/2019
00c76ad6-2ed2-44ad-9388-7c9b2e95b409,668,Online Withdral,34358266,10/11/2019
9204766a-1231-44cc-a8aa-8e9d8ba239c9,748,online deposit,39100399,5/17/2020
481389fa-1069-4e98-810d-f802947fbbf6,935,Online Withdral,84605603,9/7/2020
63b29d94-e56c-446f-a2e0-23ab727be942,805,ATM withdrawl,47816115,6/26/2019
fd53afb9-3185-43f3-a4ac-a194422546b3,594,ATM withdrawl,34271205,10/17/2020
71ee294c-4d70-409d-94d0-f3f2cbca6fdc,906,online deposit,39440572,11/9/2019
3f32926a-e3dd-4181-8087-ea93045463a6,523,ATM withdrawl,51791115,10/4/2020
c35c9df6-eeae-4f95-9d90-198dce5fb1d0,840,Withdrawl,21454495,4/28/2020
038dff19-ced4-4b6a-b36c-900fd7b902b8,164,online deposit,20645713,6/26/2020
dcf54c60-d044-4bec-9ceb-c93916c954e6,228,Withdrawl,90521,6/6/2019
93ae68a9-dcfa-4127-9ea9-1ceb2d83c39e,111,Withdrawl,35251828,
edae1cb8-a797-4135-bb66-3ea2faefc774,428,online deposit,17155756,8/10/2019
02df5b39-a18d-4fb4-9d93-bca68e02c85e,376,,19493145,12/5/2019
ec47a3a8-02bd-4099-9e04-aaf752d89ed7,884,Online Withdral,29102189,10/6/2020
66f4f44f-cbba-49bb-9977-2be1ba743119,785,Withdrawl,47629292,12/14/2019
c04de097-4584-43e2-a0e4-eb3cbd1ec10b,682,Online Withdral,98667854,12/13/2019
488ac121-e203-460f-ac9c-c60f505288f8,976,Online Withdral,67955968,3/9/2019
2620d38e-7440-4cf6-8d0e-a5bacd81626e,238,Deposit,17895625,3/3/2020
5c3dcde2-5fc5-4d53-a7de-ff24bd0025f9,262,online deposit,61408183,7/23/2019
5be70c29-2ad7-4df4-9bd6-91c25e43e402,785,ATM withdrawl,44432875,8/28/2019
74e553ca-46e4-4a65-a9e8-a46223ee28b2,403,Deposit,12324653,5/19/2020
02630318-504e-4882-a2af-d842a88ed93e,592,ATM withdrawl,72822493,10/8/2019
c7313fd7-c89b-40b0-abfb-48fb490dff79,592,Deposit,83040886,
c741fdfd-61b7-4550-a93d-1c60d7a7b598,651,Withdrawl,89527210,7/4/2019
6928dc49-a104-4cab-bc0f-5f20d9aff99b,157,Online Withdral,90784033,
d2069bf2-d64c-45ce-bb6f-99118d740cd6,558,,84218460,6/1/2020
70b00e11-929d-489c-b1c5-88aa7eb958ee,80,ATM withdrawl,34617964,3/19/2019
8cbb63a3-fcd4-4f82-afef-e4fdf7d0b0b3,461,Withdrawl,20661583,10/18/2020
6a6cba0b-29de-4dad-a8a8-573f64e9dc69,182,Online Withdral,42560653,6/8/2020
a384fb3e-d9cd-4e5a-8287-2bde60525509,765,Withdrawl,75958269,
22d4ad20-6d0f-430a-b93c-5eefa11352f6,583,,68318973,3/6/2019
63e694bb-5489-4acf-845e-dda6e8d9f797,95,Deposit,65919379,3/16/2020
c2b2ce4e-a5aa-45cc-adb4-4128cac92a0b,571,ATM withdrawl,20525683,7/4/2019
7d3b7029-12be-4ee8-8597-324c9b9a8350,121,Withdrawl,4791810,12/21/2019
4fcc201e-4e82-41d6-bb17-0901d5fef507,248,online deposit,60244009,5/3/2019
6371f825-463f-4d3c-8970-1fe811ff74a2,304,Online Withdral,52986792,10/5/2019
bad3b87f-a226-40fd-9927-ad80c30536a2,316,Deposit,5666675,7/14/2019
e5c2704c-eaa0-4e51-97c8-4ee37afa1462,286,Withdrawl,88818705,12/3/2020
0f1a5bc7-00cc-415c-a9b3-77ebe99e2b77,529,Online Withdral,98693479,9/16/2020
ba435d29-740d-4918-8341-6cbc87e64716,654,Deposit,45970889,2/16/2019
4dca096f-b877-4906-ae09-0f6ce7c1dc73,608,Withdrawl,1111913,6/26/2019
ec37fd98-cd28-4fd8-b29d-5f2e3e1962c3,911,Withdrawl,8760939,9/1/2019
12680078-e769-484e-b887-f77a73b5866b,24,ATM withdrawl,31218871,12/9/2020
1718bb2e-a1a9-4dfc-9068-77d5cbedcb9e,93,Online Withdral,35167656,
2860f27c-5cd1-4dd1-814f-101f6e463aae,24,Online Withdral,29600562,1/29/2020
d93aef8f-4cbb-4c93-99b5-92c2b9f4dcef,343,Deposit,43498551,9/3/2020
bc25c52a-17a4-4b6f-94e6-8f2c3c422b6a,284,Online Withdral,64202650,3/15/2020
4bea7615-cf67-4705-8a08-9fae672ae68c,935,online deposit,66052818,11/18/2019
2ee9d738-176f-4f66-9716-df1c97ac38f7,116,Deposit,89904896,12/3/2020
6a43f3a4-5d13-4a9b-bf57-89ca23acf21c,37,Online Withdral,77219191,10/18/2019
e4336a5a-1fee-455e-817d-dcb899abde97,780,Online Withdral,55080463,
1cefeb12-073f-4797-a489-128b3d5a43e3,343,online deposit,14092999,10/22/2020
6c3b9510-1e12-4533-b5e7-816ec59d064c,349,Deposit,8790861,8/28/2019
7ee5f029-2222-4149-bcd0-1b5e1cb3b70a,901,Online Withdral,79959897,11/28/2019
47728e80-e883-48ac-b3b1-a25215d4f304,403,online deposit,63829848,3/22/2019
098395e8-7abf-49f0-aeff-0f04e5a6eb72,37,ATM withdrawl,35474432,12/24/2019
da3e53d1-4506-4147-bd22-21d7884ea828,536,Withdrawl,47680608,11/2/2019
b0eeb090-803b-44a4-8dd2-cfc01dea6944,275,online deposit,20348591,4/17/2019
90ba627a-8a1c-4e7b-ba07-53441a6a45dd,813,Online Withdral,38947804,
869d90b7-6451-40e4-96d0-eee78ac84282,266,Online Withdral,28026343,5/5/2020
9b64ca09-9a04-4705-ab6c-339138723ea0,714,online deposit,23890852,3/11/2019
d65a6048-3724-4622-b518-bc6f843bab0b,20,,67690745,
eed195dc-fb78-4fa5-98f9-0906f8b553b0,483,Online Withdral,7927889,11/24/2020
83e5eba0-0d41-4c5a-bdbb-a2c658bc6b68,739,online deposit,80486618,4/12/2019
0f357c30-bdba-4414-97ff-97542977e9db,681,Online Withdral,77231824,
1344e51c-2884-4676-acbb-2c68fc7bd735,668,online deposit,78776910,8/5/2020
19af61e2-a884-4ca2-a47b-b8295fd20079,431,Online Withdral,10393358,4/12/2019
2a339f30-3e33-40f3-b995-585f3b7312c8,129,ATM withdrawl,29321026,1/20/2019
3e9094e8-1205-4b53-8500-b5e93d8c319a,143,online deposit,91880672,2/28/2020
54338d0a-ffc6-4782-9806-fe912b336102,535,Withdrawl,17182783,3/4/2020
69bc61c1-1471-4e79-a1bc-d9ff31875894,898,Online Withdral,85318155,4/22/2019
2179b13f-2c59-4c4b-b4dd-69a35aa6316c,6,online deposit,36647805,7/28/2019
58338e02-bab2-41a7-984e-df3e4a1721ca,522,Deposit,58891207,1/30/2020
f20395db-1231-43d5-9030-89fbfe15b9a3,929,Online Withdral,76626109,11/28/2019
c40da864-c48a-4869-b9fd-0a583442f54d,849,Deposit,43995757,6/11/2019
373e8e61-76ea-41b4-b652-391c9aa0af46,115,Withdrawl,90553688,5/15/2020
68115dc8-cf7d-4045-9761-76a00adcde36,348,Withdrawl,15754943,7/13/2020
fba6fdb9-6ade-4213-9b48-fe5ece8168a5,426,Online Withdral,76926228,7/28/2020
935e3dad-5ed2-4d76-8b02-6382c522f391,558,Online Withdral,50452052,4/22/2019
8e65321d-0f05-46b9-976b-a5a772e7f631,356,online deposit,78334375,10/23/2020
5ea5db10-193b-47dd-8814-a90485d5a4ef,392,Deposit,50347671,5/29/2020
8a4143bd-b8bc-4ff1-be31-aeb6fe7f7b4d,342,,70687088,1/29/2019
80387002-6a47-4cd9-83a8-7b94b334d848,987,Withdrawl,23246996,1/25/2020
d71df576-de08-44ad-ac22-44184f594b98,598,ATM withdrawl,1008711,6/15/2020
76c86187-07a0-443f-b014-092f66c52b4c,473,Withdrawl,68309505,10/10/2020
d59e74d7-69f0-46bb-bf29-e63a2af0583b,451,ATM withdrawl,89195508,1/23/2020
6a123de5-1312-4676-9d45-3ee1da95c48b,760,Online Withdral,63362695,11/23/2019
575025ac-7d3d-40fc-90a8-089de0b959f1,465,ATM withdrawl,6611185,
098aadf8-3ebf-4c44-956b-932e5a66411c,876,,88647886,6/21/2019
55dcdc81-5b6f-4f7a-aa55-e2b1b3dfd5dc,488,Deposit,16663063,7/26/2020
61ae385e-ae2d-4b77-8c29-0b389971a641,433,Deposit,71233066,12/15/2019
19f26533-9bca-4bba-881d-1c79596c6b7b,803,ATM withdrawl,29552820,3/12/2019
11d6880e-7abc-4168-9169-5b1045749a93,914,Online Withdral,18697805,10/19/2020
3d4d08ea-c81a-48df-98bd-565329f0c8b7,247,Online Withdral,67829604,12/18/2019
7fc6b88a-55b1-424a-9462-f79bd25fc0ba,46,Online Withdral,87275870,6/18/2020
dd4c4be9-a24f-446f-807c-930365206fc6,871,Online Withdral,55553204,9/17/2020
2b84ce58-a9fb-4d55-abde-2787619a1277,518,,32972805,
1c17fb5c-5d75-4ed0-8e4f-64c92df5a1b9,936,ATM withdrawl,67312247,7/19/2020
b15f75a5-896d-4249-9d0d-d1fc23eb1932,357,Withdrawl,47145758,
f202411c-88c2-4ce1-b369-6c575509d66f,760,Online Withdral,16932996,10/18/2019
9fe6f096-f84e-408b-86df-a25ff3f0be12,508,,61449157,9/8/2019
170402eb-240b-48dd-949a-841afcb58a17,275,Withdrawl,51502818,1/2/2020
287e8ac3-304b-4e08-ab04-392064bf9cb9,81,Withdrawl,8917958,3/1/2019
2f909593-c1bf-44b7-89ae-33b1259daa6c,948,Deposit,46433931,2/28/2020
64c9a759-661d-45b2-9a89-eedb77fa19c4,908,ATM withdrawl,50569339,12/4/2019
42128dbf-4343-4a52-96b8-11f9774e9fde,744,ATM withdrawl,42568304,1/28/2019
5909a8f9-9e72-4926-b3b3-9d6fbe835e92,649,,77904178,6/10/2020
67e10c01-14bd-4bdf-b197-86fe9022d889,831,,38079804,12/17/2019
60374010-4211-4e8c-b0ee-33ae8c352f5b,748,Deposit,86752495,7/6/2020
51b03b9b-ff96-4564-a27a-6dc416e59039,451,Withdrawl,70348016,3/27/2020
35d306b8-73bb-45fb-aacf-e0ecc09e37bb,727,Online Withdral,62723838,4/24/2019
982d705d-4ed0-4008-a953-6dd889610322,383,Online Withdral,60702365,3/9/2020
d31410b4-a781-4228-af7e-5d8ae628ed5f,842,online deposit,19930830,2/15/2019
ca61e75a-5110-4984-a710-a0727c6b71ff,133,Withdrawl,10091451,1/8/2019
c3da8109-402a-4f5e-964a-42a87d1e492a,111,Withdrawl,64216537,6/16/2019
00b0c0e0-e59c-42c8-84fd-96fc1cb35ada,250,online deposit,34175022,
f2357718-d6b9-425f-9494-28459ab7b153,800,ATM withdrawl,87085262,11/14/2020
c6917212-b570-4ef6-9079-5c81e674f55f,261,Withdrawl,86375374,
86ba0c76-1be1-4746-beb3-1e0908806258,376,Withdrawl,34384703,12/23/2018
d0f41848-bd7a-4f49-8ab9-0db4a4b8e0d1,483,online deposit,94555910,
76164b09-c374-481c-af46-2e0cb525f4b7,267,Deposit,84490071,5/28/2020
d8966616-c18a-464e-950d-a452575186e5,909,online deposit,73493947,12/13/2018
dff3604e-ab47-4a26-aaea-b64073fd87a7,75,Online Withdral,29906328,
317f4202-f4e2-4fd0-afda-d08b7f3d9ff0,906,ATM withdrawl,14593403,10/3/2020
89437725-e0ec-4ef9-8c90-308ecad3a934,835,ATM withdrawl,60611715,9/13/2020
93937cd1-d556-45f8-a7c7-f45a1f7e3ac6,652,online deposit,45207886,6/22/2020
4d980115-6982-434c-9408-e4c6622f2979,581,ATM withdrawl,73575052,9/24/2020
6411c429-c097-4428-aa51-fd84caa5925a,847,Withdrawl,14632654,12/22/2018
14809e00-d484-46b9-97bc-0ce056959a05,744,Deposit,30527269,
244cdab2-e26b-4480-828e-c414cfc0a805,146,Deposit,7776601,6/18/2019
b37edbdb-27b3-4e10-8704-a2c2fb31581b,475,Withdrawl,52532751,
2dc59fba-639e-45c8-b024-daab80079ab2,715,Withdrawl,40759808,3/13/2020
2879aa68-6de7-4788-89c8-57d2121c0ca3,539,online deposit,18292908,8/27/2020
e91f1c46-fbdf-455a-99f9-a7d96d186372,730,Deposit,64245520,6/2/2019
d836c4e9-20ef-4699-a081-5fb984098f7a,81,Withdrawl,89322077,9/11/2019
cbc42ac2-5553-4000-86c2-3b7682919216,91,Online Withdral,83318192,5/13/2020
029c3764-1bdd-4c61-8f0b-c0bb245149ea,292,,61822299,9/6/2020
3d7eb4ff-a960-48ea-8d7b-6ebaf1982495,842,online deposit,21915643,2/29/2020
56d50392-ac82-4201-8799-5e5bdd77c809,299,online deposit,40574794,2/17/2020
db8b3d2a-afde-46d3-9289-dcbba5ad734e,525,Withdrawl,52279775,1/12/2020
c763b1a3-eab1-4ed4-b722-a6da5812a75e,983,Deposit,11368011,9/3/2019
4322351f-84c7-4246-9040-b69c411036a6,520,ATM withdrawl,46370547,10/17/2019
99c8e84d-68f6-4e23-9de3-eb6687db3b29,556,Online Withdral,79397810,
759706c0-e897-4856-81b7-a61709674ebd,274,Deposit,16568311,1/26/2019
74a2e7e0-0148-458b-acc6-fe15a7227189,545,Withdrawl,7963760,2/23/2020
036d7aef-0329-4b01-a431-b5f5eee14be5,772,Online Withdral,97956738,5/31/2019
c3df618e-d016-48f3-b613-2281469fdf5b,28,Withdrawl,8102583,12/8/2019
6ec521b6-76c0-4327-ac26-8f1b1261e15a,950,ATM withdrawl,93146019,10/5/2020
c86d3817-2983-437e-96a5-5d54a24dfae4,760,Withdrawl,99699725,8/4/2019
b9556c5c-6eb9-45f5-b121-9d61766e2674,796,online deposit,44146111,12/23/2018
c64b0d72-5061-47e1-aeea-a922eb05d95b,122,ATM withdrawl,3233721,4/8/2020
e8e59bad-3d98-4921-aad6-e8775c3d9f7d,780,online deposit,48670274,1/26/2019
3d66c0e1-fa71-4488-9db0-b708786c83bf,675,ATM withdrawl,20555018,4/16/2020
5821a3e3-5bdc-4fd9-bdd8-fd25fd0ed6c7,132,ATM withdrawl,16861467,3/15/2019
f109443c-b1d5-487d-a260-654b4f23b0a0,311,online deposit,40512241,5/29/2020
cc04699a-b1c2-46f4-a71a-455608ca7b25,455,Withdrawl,352602,9/17/2019
22fcd24c-f2a8-4010-ad9b-9a8867a9b3d3,876,ATM withdrawl,66194747,5/4/2019
315bebab-fa1e-46bf-8105-e0e5b8f64aa5,360,Deposit,85372268,5/24/2019
de55d791-ff1c-4db6-b203-3f3d9b7a2b8b,274,Withdrawl,6533310,8/19/2019
bcf3e30b-9228-4310-91de-66931d6862a9,415,Deposit,97093066,2/12/2020
df9186bb-fa09-4bf5-b000-3a9140b383cf,589,Deposit,22082292,8/18/2019
9d2e081a-028b-4277-bde3-57b9fcd54bd0,376,online deposit,44195448,2/4/2019
75c2d902-2a28-4849-a2b0-f09302a0baf8,349,Withdrawl,76541339,5/19/2019
7a17633b-2e11-489b-a031-5811541b1782,724,Deposit,66426310,9/11/2019
78a4ee78-38ea-411c-b213-2e3cb4a49368,558,online deposit,76303374,
241ffbdb-c8e9-4e23-aae6-dafa9a92f887,868,Deposit,96347518,
59651114-2093-4a13-976d-3dcddd15519a,336,Deposit,87921569,11/19/2019
2761f113-9bbc-4239-96b3-23fbad3780a8,901,ATM withdrawl,44612761,4/16/2019
81cc3c97-657b-465c-ac7c-8f87e46e2d4a,64,ATM withdrawl,65459838,9/12/2020
c7fd04c9-5328-4356-aad2-4a0661cd36b9,188,Deposit,67190828,
da8eaef5-1ae8-4adc-95db-015ca271e78f,751,Deposit,56367269,11/29/2020
cadd69a2-5b60-45f9-8a7f-3e5fa37f4d4e,461,Online Withdral,86698790,1/22/2019
84400ded-fb37-48ff-bb3f-abfd40fc2fd6,291,online deposit,57021171,9/27/2020
3b768123-67c8-4e9c-bf31-3d84156d0ca9,901,ATM withdrawl,5656704,1/3/2020
000b427a-488e-461a-9efc-71cd1bcc7b2a,821,online deposit,40714017,1/18/2020
7b865d29-efd2-4811-a690-d3252276d02f,831,Deposit,41334364,12/11/2019
1566d475-ed41-463d-9482-82a5fe7f9cd5,803,Online Withdral,91777579,
4276e30b-d4d4-426a-82bd-7a61b846011e,562,Withdrawl,53291290,
c367bf1d-c507-4977-b20d-ac8eff968a3b,275,ATM withdrawl,85484346,5/6/2019
a3025f46-f940-4fdf-ae0f-f57f5193f369,602,ATM withdrawl,86273428,9/19/2020
5998c17e-4f70-4527-b599-ec61de75444f,315,ATM withdrawl,32557885,4/18/2019
033ecd61-6e06-484b-95ed-d595d6939a09,821,Online Withdral,48800444,5/12/2019
69035e1e-7a72-42f0-84c7-55f0ccf0d35a,785,online deposit,40959247,3/4/2019
59700599-9715-489c-ada8-946b0c49a119,331,,78320707,3/27/2020
ab303207-4905-4daf-9f49-ead890dde134,968,online deposit,7320000,9/1/2020
c66ab2c9-13d9-4d58-b9ee-3076fb894156,238,Online Withdral,98353226,8/17/2020
39621357-dc5a-42dd-be0a-73e522a8c9ee,966,ATM withdrawl,75062291,9/19/2019
f1daa760-a6c6-489b-aaad-a8100906626c,822,online deposit,52381628,4/13/2020
f42fdacb-9253-4221-98bb-1ed60b0970b0,113,Online Withdral,21106061,
2ef22252-02ae-4150-90f9-b0a2e27637f2,117,ATM withdrawl,27654962,5/15/2019
33530ff6-47b6-4a7d-8e5c-9e6aff7f0734,315,Online Withdral,57020767,2/4/2019
a2d498fd-c319-4712-9cc7-87c37df6fa3a,667,Withdrawl,70738673,2/15/2020
bd6f1065-a56a-4f15-a851-66406ca09abb,907,Deposit,31406301,11/4/2020
5a1d6376-51e3-4208-a947-00e749f1c61e,117,online deposit,69203318,
a1c56536-2ac1-4d13-b743-a9b957c1c7a1,88,online deposit,77562756,1/9/2020
c708b8be-8ce8-4668-9f83-1c4a05830a83,833,Withdrawl,48582094,7/18/2020
ec62948e-1c89-4fdf-85c9-dca8c505c002,364,ATM withdrawl,15745275,4/16/2020
eccc3478-3aa2-4ee1-887a-f97b064a57a9,195,Online Withdral,34779092,2/19/2019
bb1b09e1-68ef-4292-a9d4-41c93f0bb20c,995,Online Withdral,7230163,11/20/2019
32dc61a8-dd8c-48cb-8758-742b93faf6d5,938,Deposit,52477764,2/3/2019
851c6108-5b0c-4584-870e-020f8540856b,290,Online Withdral,31450757,12/29/2018
ea6a6cd9-add7-4055-a640-b7044a028b51,920,Deposit,69386548,3/13/2019
af41f193-9004-4128-9adf-84f7f0e97d11,158,,40592727,9/9/2019
1075f7d3-1db9-490e-b6c2-f3d36bc8d035,172,Online Withdral,78578069,3/28/2019
2ab10136-744a-4c59-b351-5e0dff6b4f59,195,Online Withdral,15195251,5/4/2019
36a06a32-19fa-44c7-9bff-ee1a19ed7d2f,65,online deposit,71532016,7/5/2019
8c320748-5386-4f72-be69-e17122391057,391,online deposit,10456667,5/27/2019
e302258e-b926-4226-9484-07caea751e0b,337,Deposit,67319905,
94499e45-7922-4ba4-8dcf-3336db60dd90,785,Withdrawl,91546073,10/29/2019
af28356d-30f8-434f-878a-588c74ead9e9,654,Withdrawl,82097183,6/26/2020
8d92a1ba-30eb-4aa7-8337-342c7fc9f9e1,359,Online Withdral,42367878,6/29/2020
a847817a-e8bb-4cf9-bbe3-f12376b8455c,989,online deposit,23749962,11/25/2019
25adeefd-c7f3-4e17-a9ef-21d20d90dc94,754,Deposit,40515943,6/5/2020
44f802e4-ddcd-46f9-9da6-20d5311f2be2,113,Online Withdral,68871139,11/13/2019
f4ae9fb1-ee14-4951-9799-1c1a91c5f8a8,945,online deposit,51010564,
be711ad1-2454-4d54-9995-2c77da9d9baa,187,Online Withdral,47379318,
a9762dc5-af5f-4a53-a9ca-5007a89a7bef,809,online deposit,29649187,1/21/2019
758025bb-52b2-4f6e-b20d-9a543c8df451,991,Withdrawl,53590998,10/7/2019
370c097c-616d-4333-9009-47c0aeac6687,852,Online Withdral,22333152,
48cd587b-42a9-49ff-b37d-8c7ca781c963,401,Online Withdral,18627214,
a4407b57-3776-4a9c-8e35-3f02e66d9a11,597,Withdrawl,63599066,3/15/2020
22921ee0-88d2-4d7d-9308-fbe45699b5c2,145,Online Withdral,86225031,10/13/2020
659014c5-64b5-4272-aef3-9c1d73915537,286,Online Withdral,89802201,
a59fe3af-d5c6-416e-9f73-68aa4a64054e,274,Deposit,64104508,
a90a8ce1-b9ce-4bd9-8b5f-3cce455d10df,935,Deposit,52768005,10/27/2019
3892ad4a-e3a9-418e-b979-4130e1b4e2c4,131,,39293189,10/22/2019
3664ebd5-9846-43bc-8d24-6e3b1dd9f8a3,638,Deposit,71307906,2/21/2019
f5d4fdd2-960b-4a7b-8576-62f4af5fe7a1,637,ATM withdrawl,88376636,
a885f257-528c-49b7-8e1b-14987a97d552,722,online deposit,6819324,1/4/2019
ac5dd8ef-8b20-4119-a138-2dcb847ba9ed,651,Deposit,33275469,6/28/2019
dbcfeee4-efd8-4c27-a403-f7a671be9bf2,729,online deposit,22289296,2/7/2020
641921aa-0a43-4ead-b2c7-67f61d16534d,219,online deposit,63504488,
0b2b449a-7903-44dd-a42c-1ce4c774e2b7,507,,86515801,3/5/2020
64f2d455-96e5-434f-b18d-bad89cdde6a6,739,ATM withdrawl,61108805,4/1/2020
fee93ebe-b9a4-45d1-9f12-cefdfa6680b7,905,Deposit,19227377,7/8/2020
7ec6f19c-30e2-40bf-9b99-630dbc073d18,891,online deposit,15044605,1/12/2019
59ba5567-81a0-483c-ab48-88941adbe8e3,153,ATM withdrawl,41507865,5/9/2020
5461d3b6-01b4-4692-acd2-beaf6fef9190,449,ATM withdrawl,93622569,9/24/2020
bd37f4b2-0bfb-4aef-8ba8-ea286a7e6379,118,Withdrawl,97617227,2/15/2019
4b5c6c66-db83-4734-8c39-4c192ae4c5d9,337,Deposit,22728834,12/6/2020
1c9e7fbb-878a-4722-a469-ade2ec68d130,820,Online Withdral,40460120,6/10/2019
f853fee4-8a15-48c0-a165-2725c8058f59,418,online deposit,98864977,3/27/2019
4d0a3282-f0de-4671-86a4-d7ad5a87fdc6,452,Withdrawl,78824347,11/3/2020
5d6329c4-4904-4513-aa13-b54dddb77650,401,Withdrawl,61694514,5/20/2020
9cc7bfd0-b4de-4509-ad2d-0762eb9090da,347,Deposit,95987765,10/13/2020
6026fda6-7d5b-4b8e-8085-d5f5d8c4b3ee,640,Online Withdral,82289338,
01149818-5567-49eb-a9f8-638aaf7d3310,480,ATM withdrawl,53139624,3/29/2020
5937225e-3457-48d7-a583-38f634b50f78,738,Online Withdral,59422593,6/28/2020
3337fe29-1644-4639-a779-d4466104bb87,389,Online Withdral,38604022,9/17/2020
b0a8bfe7-1158-475b-9c4f-91b1405a10d3,887,Deposit,30931514,9/15/2020
ebedc726-f87e-492b-beec-993a462591ec,810,Withdrawl,66189990,10/28/2019
b32ee1a5-684d-43b3-bfd6-bf475aaf3845,739,Deposit,85450453,5/5/2019
d5a5ed2e-6712-46cd-a183-203cade0a4d4,86,Deposit,12604506,8/3/2020
48eb134c-c852-4564-af97-d432c7939ec3,187,ATM withdrawl,63550754,11/23/2019
5e8d8eeb-c1ae-4965-915e-ba5889da9720,514,Deposit,86565562,4/7/2020
4abc5c09-04cb-41cf-97ca-04b66fdfb022,982,online deposit,14442935,3/16/2020
11f3dde7-9710-44b5-8dd7-bb9916e3521a,296,Withdrawl,67446931,
3055e00f-2706-4e6f-920f-b9982eb11563,71,Withdrawl,48939120,12/22/2019
a2cd3193-e630-4d23-b771-66ce65854ca0,75,Withdrawl,66873673,4/21/2019
839b8590-bf35-4961-b04f-062815ae1293,882,online deposit,21233197,5/21/2019
82ae096e-540b-4b7e-937b-b9c036ee946b,355,Online Withdral,19365198,2/23/2019
a9ec7fbd-6586-4827-aea1-9031c3ef9802,428,,65131947,5/4/2019
4f718cd9-9292-4040-9d43-3b1adfefbfaa,598,Online Withdral,58605247,11/21/2020
9624ebb7-5022-4aae-b4a4-16fef56c32a2,228,Deposit,72602864,9/17/2020
97f8ba78-dbe0-495b-a108-e8b39c3bd2c3,378,online deposit,37895928,5/31/2020
5eb87ba7-d59b-48eb-b206-780e6105aff4,832,online deposit,69833569,9/29/2019
0ed66f32-eda1-4215-bba3-71977e1ae608,248,ATM withdrawl,69303824,9/23/2020
781168fc-805b-4c83-8a1e-061194ea6aa3,898,Deposit,55359057,
492fcf88-64f4-4077-bdd6-d0b20d03faa2,849,online deposit,56392468,6/10/2020
d5a66a0b-7545-412a-b579-332b0fa7a897,942,,12290727,11/21/2020
4d74a797-7408-4e98-9c1e-1c44b24a6497,548,Deposit,68456531,3/9/2019
b15ead0a-15ea-4156-8c50-e1d741e9d7d4,556,ATM withdrawl,80375407,1/30/2020
82645474-5b32-44c0-86f8-15f18864ffc8,727,online deposit,86758087,8/12/2019
07e89388-18ce-4285-a3c6-11dc3ad77d6a,704,ATM withdrawl,7336564,4/8/2019
dbbeffa9-d9e6-40a4-b468-718d40d5a3d1,844,Withdrawl,32793137,10/31/2020
5d93fd07-6c37-4e15-b261-fc43a1b2c016,744,Withdrawl,97090481,2/11/2020
5a15c685-fbc9-4608-a69e-7c8c7ba99d7e,432,Deposit,98635789,6/16/2020
21bb1307-4e3f-4fa8-b623-2e67fff7e660,275,Withdrawl,88549559,
546bbb85-be7f-45f9-b4b5-69892bae965f,654,online deposit,75274512,3/12/2019
04d17a94-bc29-4008-8ab3-d8bf497d4be3,575,Online Withdral,22414255,9/6/2019
4f657e2c-4009-4d53-b47c-f8ca873376e3,519,Online Withdral,3719652,8/29/2020
a5437179-8ec2-41ad-9615-adfa7a65b068,911,online deposit,75514994,
c75473ee-638b-409c-83de-8904de707b74,727,online deposit,61091176,2/17/2019
b9e87a87-9032-45fd-9e96-439890aa2358,703,Deposit,12954979,3/29/2019
6423415f-060a-4ce4-bb93-48b381e5c469,275,ATM withdrawl,77100656,2/9/2020
6a5122bc-98dc-4b6a-89c1-65374e6ca6bb,511,,82091416,1/18/2020
4edf02ed-3074-403a-a80a-19385e3afa63,334,Online Withdral,1258749,7/26/2019
e821268e-fa3c-4b0a-94d3-361114ebc0a2,172,Deposit,67130056,1/31/2020
ff873b99-3ea7-4f89-8afa-d5d2b44ab02b,54,online deposit,94218408,8/22/2020
2292f150-6f81-45d2-996a-8db859d5ada2,943,Deposit,32010786,4/7/2019
6dca63cf-f8f5-448d-b100-476ec79ab964,195,online deposit,56309821,9/4/2019
ea259b41-afc6-4bb1-bdd6-728bf700a44f,334,online deposit,22699896,5/22/2020
59c4a1c4-9d67-40ca-875a-8ec150758f8e,851,Deposit,45830522,
fb4c4706-6620-43fa-befe-4c45a4082df8,433,Withdrawl,14270432,2/10/2019
a80c791c-f7fa-4f97-8107-49567864e076,892,,89076763,6/14/2020
e8b54437-3645-4b25-a0b3-1dbf381e7594,291,Deposit,82785286,7/17/2019
df2f4278-1e9f-4b45-bb36-7551c28a3c89,418,Online Withdral,89182434,7/5/2019
b4d66a3c-ee46-4a60-9fdc-539f666a7320,100,,97514507,5/7/2020
af398c4a-bdbd-41ad-8602-a4d6cb1dea24,561,Online Withdral,62460704,9/25/2020
b2736cc8-15c3-4821-9a98-a46e125ce788,412,Withdrawl,31638038,
b317a0d9-4d74-4951-a751-70b57c6ec0cf,572,Online Withdral,24979267,7/31/2020
640dd84d-ac69-4651-877f-9e58d31a651d,347,Withdrawl,76716363,6/11/2020
fca888e1-b517-4b0c-80ac-7b038a14690b,56,Deposit,49299248,2/19/2019
80353efc-39f3-4e4b-9f5b-9e258b32c9c4,831,Deposit,6887606,7/27/2019
8bd22002-6f73-45fc-a0f9-308699da6cac,838,online deposit,35069725,10/1/2019
0e061222-38c5-483c-abb1-1d7dd226d1ad,941,Deposit,90990214,4/5/2019
5a21a1e7-bc24-410b-aed7-070c611899ed,204,Online Withdral,49009127,5/28/2019
24db8c5e-df79-48e7-9eda-e9a2ea8e2601,473,,17013865,9/26/2019
4f5d6c9d-7141-4b99-ad87-73203e2dbce5,625,online deposit,13247497,12/22/2019
58237661-1bf8-484a-98fe-064517303eea,176,ATM withdrawl,26862124,1/22/2019
b6928f6b-a40d-4f49-a493-4e8cceed05b1,134,Deposit,68887932,6/7/2020
3efbb94c-0e41-4ea9-9175-b283f08a21af,368,Online Withdral,65457636,12/5/2019
4b86f683-55bf-4f99-adbb-9e19f8ba1a84,575,ATM withdrawl,73804924,1/5/2019
e56c26b5-cd9d-4840-a915-6d685e51a5ac,46,Withdrawl,53491341,7/7/2020
158f3a78-a0ba-4754-a0e0-e9faf6e25123,26,ATM withdrawl,81766625,4/22/2020
9e4e915a-8593-4dab-b06e-207a96d91b2c,475,ATM withdrawl,9341572,8/13/2019
f71bb97e-da57-4a7d-b60f-c897796235da,561,online deposit,69800058,6/29/2020
ed6bee92-2532-40a9-b245-05ddb000daad,524,Withdrawl,18591013,2/15/2019
89641b90-25c2-42d6-a048-2b60fa389601,698,Online Withdral,24745641,12/2/2019
08b358c8-b78f-4ac6-a965-2b9853967f68,601,Deposit,25375562,5/23/2019
5d6985bc-8a53-454a-a9d2-65bd61bb45df,270,Deposit,357293,2/14/2020
908bd662-6ad6-4bf9-8956-6ac705d4971c,412,ATM withdrawl,25560716,3/31/2019
337f837f-aa85-48ed-9a60-81d2e29b3257,955,,51555905,9/3/2020
258de518-2600-4467-a363-8b26cb1ae601,477,Withdrawl,34185935,5/31/2019
65cfeef1-d51c-4b96-9c2e-1ff53022e401,901,ATM withdrawl,32705573,5/18/2019
57da0df2-f8ef-4477-9508-1c553bf2e306,483,online deposit,28811675,9/1/2019
7190b643-70d0-4a5b-9f94-fa30ea10cf5b,523,Withdrawl,73477722,4/4/2019
b8039e2b-e1d8-4d56-8f39-455fae215c7a,622,Online Withdral,23183565,2/13/2020
b2506970-0ce7-4722-a728-7136fc090513,748,online deposit,9617430,11/21/2019
b2bd58c1-06ee-4279-997f-482ca92ff334,605,Deposit,64576314,5/14/2020
47931479-b0cc-4516-857d-42cfb3f851f5,584,Deposit,83533367,8/3/2020
a9957516-4ec6-44a5-ac43-f3a107ea4336,281,,8593489,2/13/2020
ac1b5c3e-4953-4705-b995-9a6789043909,76,Withdrawl,38752737,7/14/2020
f043c58d-419f-4cce-a002-cfddd5cc5343,729,Deposit,17644138,11/6/2020
1fe6bee8-348d-42af-b502-9c8365f9b532,61,ATM withdrawl,22154544,3/2/2019
c5b2cd62-18bb-488c-b9c1-b0e8cdfd78c8,532,Online Withdral,42418870,2/16/2019
78933bcb-e080-491d-b03c-db8a5211c3eb,481,online deposit,69991093,6/9/2020
aed8e873-036f-4241-bcb8-80842eeac46a,707,online deposit,86273876,12/30/2019
b76c644b-2b38-495d-938a-8683240d13d6,806,Online Withdral,11043992,1/1/2020
b83c1097-6b24-4f41-9e8c-5f793e59f271,444,Online Withdral,84422602,2/8/2019
762bd400-dc56-47a8-b55b-a75c1e942ddb,899,online deposit,35283632,12/30/2019
0916fb4f-0928-410c-a982-c312b5b618ee,175,,64692645,
a0a28493-f8c4-4efc-a8d7-b67a988e076a,342,Withdrawl,57030600,2/3/2019
08cdf6f8-4168-4514-b202-8d8a5e2d4c98,916,Deposit,33943129,3/6/2019
5e5f2b4b-1482-43f7-8d55-24d3f14d891f,490,Online Withdral,50147885,10/12/2019
811fe8ba-75d2-4b6e-b645-fa61b03ed98b,433,Deposit,68729344,1/15/2019
a38c0c58-67b4-4f9b-ad34-8402d6b69765,941,online deposit,33981027,
5f26bbfc-eafd-4dec-9e69-348a145ea739,831,ATM withdrawl,11500743,5/24/2020
a443c1cc-1fd5-4c6d-b0e2-36d2a05aca73,123,online deposit,77738112,3/16/2019
6722b481-f516-4516-aeb3-b27b16c12b94,826,Deposit,95841858,
7bf2ca26-3c1d-4da0-b05f-4b072fa8b2af,512,Deposit,52989738,9/26/2020
78e011dc-8b9e-4fea-acae-79b7652286a4,9,,53961271,3/8/2020
31c4277a-0131-40c5-bd47-a726f708b2c5,672,Online Withdral,30964042,1/23/2020
9664ba30-a1bd-490e-9b4b-fc028178a6ff,157,ATM withdrawl,15385619,7/2/2019
e443220f-6332-4198-9997-c9ce83d4522c,373,Deposit,15265572,1/11/2020
3a32838b-349c-4054-9eb1-67bd77986302,30,,38194297,4/10/2019
2d8875fb-225c-41de-8f14-4998c1b12d6d,920,Withdrawl,5247273,10/14/2020
9cffecae-9b13-4dc3-8c2d-a595ba961df7,547,Online Withdral,26097314,9/13/2019
fa315c49-8fc0-4b6f-9981-14019fbdde8f,348,Online Withdral,37407568,11/16/2020
e9032215-d125-43ab-b79d-027e61fd4b9e,374,Withdrawl,76353490,
33bd947a-d59a-4f28-a9ed-42e0735cdda2,754,ATM withdrawl,69684817,7/22/2019
23e0f5d2-4fba-4c23-ab56-379b0c38ee59,866,ATM withdrawl,20520227,3/20/2020
5b5c6264-48bf-482c-bce4-16e3b26d0de7,50,Online Withdral,17524006,9/7/2019
18e8eb43-05f4-4b7e-b794-a50bdebda677,821,Deposit,78141618,
6549380a-f5df-4a00-8437-e7dcc9bf5055,261,Withdrawl,11572980,2/10/2020
ef5ef904-b334-4c33-a562-8c4daa86ec39,444,Online Withdral,68301091,11/25/2019
c043cd11-fb8c-4615-b0d9-7c7143f116d8,532,Online Withdral,61222667,7/11/2020
9e1725ed-6265-481d-9075-5005f38e953b,727,Deposit,9202004,10/12/2020
45b1fb7f-c53f-421e-bdb6-c4118532692c,558,online deposit,41667757,11/20/2020
03686465-15dd-4544-819d-91285b869f56,261,online deposit,16889446,4/28/2020
1816d343-85a1-4800-80b5-8a5ad355e74b,762,Withdrawl,94140414,8/20/2019
4052c7d3-dc9e-4584-9bd0-9b5fb645c071,404,Deposit,49895633,10/12/2020
78da3741-d169-47a3-b988-b58c05f89060,365,Withdrawl,87340458,5/2/2019
65773c86-0089-48fd-8c3e-8ce6612fd177,375,Deposit,34480625,
a1ae6823-fac8-438d-9cc1-4744843c5922,403,Deposit,21433762,1/2/2019
3210aaf3-378c-40c4-a26c-ab7bca7bc28c,315,Withdrawl,29531026,3/11/2019
38198b23-fba0-4026-8d9c-4b20a8afe01e,235,Online Withdral,14703615,
93d400cf-41b8-4740-b882-e3172bfb2697,654,Online Withdral,71643610,
cc69b3cb-8a51-425d-8f31-fb2e14f14988,507,online deposit,65448828,12/24/2018
1bdf9cb4-6507-456a-8abb-6b098f3f118e,991,Withdrawl,8649231,2/18/2020
44b47ead-e1e4-4629-8882-a8f6a9f8ba99,856,Online Withdral,57191528,7/16/2019
5ea4d92e-ed38-4f8a-a457-58e4d8a407fd,336,Withdrawl,89853028,5/27/2020
1750f3e3-837b-41e8-8c83-a911827246ce,698,ATM withdrawl,34001997,3/5/2020
63bd9356-bffd-4310-b642-84b6fb1efebf,374,Deposit,79982981,9/10/2019
4d99fc93-4076-4c53-8233-d89461636407,650,Online Withdral,36357617,4/10/2019
0530b500-a418-40d9-9700-222b23f0ab1c,583,Deposit,9069948,11/21/2020
78ad4a36-1239-44e4-b950-caf0079d8413,881,Withdrawl,97968715,12/31/2019
f6921bf3-521f-4aff-b1d5-c04729a7e4c5,143,Deposit,65430769,
c214c841-ba27-453b-90a0-c538962d583f,813,Online Withdral,89506528,11/16/2019
8a50c4db-54a5-40ce-a898-f6fd62e34c77,11,online deposit,93704360,2/3/2020
c87ea3dd-5cbd-4585-83b5-556717026223,871,,93465908,3/15/2019
de0636e3-83c5-4eeb-aff5-bfad0859c1a5,193,Online Withdral,1034219,7/24/2020
95531cd1-225b-4c8f-973b-203cc76784ac,714,Withdrawl,85075697,10/1/2020
c2e0cdf7-13e5-484f-a986-859036269d3f,187,online deposit,21368484,5/2/2020
1f79b30d-b307-4532-a7f1-eff63d19cf87,844,,44386685,12/1/2020
5dc41256-f822-4580-b26d-f64230d8b532,444,Deposit,1839107,6/25/2020
1ce103eb-3688-4ba4-b023-68dfb97c172e,402,Deposit,90845791,8/5/2020
facbc1c4-2fac-4831-94b0-f817970bc692,571,online deposit,59757104,7/2/2019
34318890-c779-4112-9e42-b4100a77791c,718,,62392473,1/31/2020
d0fa824f-bbfd-424a-a5a1-ada94761c879,572,,47090735,4/4/2019
623dd7eb-d5fa-4b13-a59e-bb4f59cf3190,77,ATM withdrawl,8872057,10/18/2019
1dd2fc8c-03b7-4dc9-ade4-2d47fa2da98d,545,online deposit,45078104,10/12/2019
e1672849-d4ce-466a-91db-8a42e9ebcab3,37,Online Withdral,76099267,9/29/2020
e05e9058-99db-48e7-a4e9-94ee89cf4fd7,754,Online Withdral,18237460,12/26/2018
114bbfcf-59b5-4e9e-8a78-d1e502b1e9fb,347,Withdrawl,77379802,12/21/2018
3ead5df1-dbc0-4def-922d-bad68def9ff0,561,,84286359,
e8ab5a1a-7b73-4498-a0c7-5b834190832b,767,Withdrawl,54253414,5/6/2020
fba1c79e-9dd2-49f4-8840-4fc80c1b7a81,284,online deposit,4204892,3/22/2020
c28826d0-e62b-4c27-814f-bb3881f3e874,20,online deposit,59174837,
91fe5ca2-c3a8-423e-b26f-65d42771fc04,503,Withdrawl,58510889,
461f0f22-d16a-4d70-b0cf-d5d6d3aa1693,899,Online Withdral,11176812,6/16/2020
94d88fea-66e5-44c5-8a28-d020b0dc9a0b,696,Deposit,397730,5/23/2020
2fb57bc9-2389-46a0-b7d6-3b71c2eb93d5,54,,92826549,10/5/2019
1cc583ec-8502-4efa-925f-f424f3b7f1a8,187,Withdrawl,25246573,1/28/2020
86228494-6ad5-4446-845e-573c7368bd1a,942,online deposit,18512969,4/22/2019
97939600-c547-41bd-8c63-8c22f0793507,456,Deposit,47075203,9/16/2020
aabd98e8-967e-4929-9062-c0d75d755f49,135,,82000130,8/12/2020
506b8d0f-faff-4fdc-9c0f-42be406a2c81,211,ATM withdrawl,47955060,4/5/2020
03c834d1-b088-4347-9ee9-9d4d16e55e6d,286,,41178580,4/16/2020
14990fbc-7544-4677-8ad6-dbab9c913d73,456,Online Withdral,35907798,8/27/2019
f939f3d4-0cf5-457c-a51d-aad54a3027a5,805,Withdrawl,11543031,7/29/2020
ab6ef77b-ea90-45bb-bc45-52cd62f2edf0,91,ATM withdrawl,26263203,
71871339-0dc0-4552-b7db-587ab4922a62,343,online deposit,75788451,7/7/2020
f708dd24-0eb0-4e7d-b81b-39bace96935d,894,Online Withdral,54848640,
037412fb-df08-4d56-af0e-df2b110efe82,282,Deposit,7691887,7/29/2020
1dc71f38-0495-4c94-877f-c749238d9140,592,Deposit,61740294,3/12/2020
e3ea7f03-1533-4617-89ea-fbb96cc3d962,533,Withdrawl,1547341,12/26/2018
8ec52e09-b0fe-4896-9de3-d01d2c85d3a7,43,online deposit,30921437,10/13/2020
0c7077aa-525e-46fb-aaa6-4f65333a6838,884,Deposit,36559820,11/27/2020
ec39b55c-4060-4e60-bdb8-f3cf5decd132,283,online deposit,83019125,6/29/2020
bad9105d-0642-41c2-9448-69889016b436,884,online deposit,23268864,1/17/2020
04e7dced-6d88-4684-9a32-e89f05587a19,654,,48698883,1/19/2019
7b2c5ae6-4807-45d3-acf6-d2b521cf7548,789,Online Withdral,50374779,3/11/2019
437ae612-805b-49a0-9655-bc700813be5a,571,,32512023,12/16/2018
9c393882-798b-4347-ae28-96bb0f33d2b2,291,Withdrawl,61487167,7/17/2020
bef83f74-12ef-4412-8e54-16e52d12c757,821,ATM withdrawl,88486467,7/15/2020
725128be-5746-4718-b140-c967d3caacd6,932,,7617101,5/21/2019
9994296c-4d5e-43da-a36d-0e5a5cc2bec3,637,Deposit,31210082,12/23/2018
cdde56bb-6c05-4c52-94ee-f738c6d0466b,748,,55880979,12/12/2019
5790ceb6-42f7-4614-826a-52d2efce02ec,502,Deposit,31154067,2/3/2019
5bc593e0-ce69-4454-834a-d87c13d22f08,951,Online Withdral,95283921,4/22/2020
70570d46-c310-4aa2-8273-4ca1bde42822,136,ATM withdrawl,84257766,5/19/2020
0784f425-8d87-4076-849b-a55df35900db,497,ATM withdrawl,38810518,
75ae37e0-6daf-42eb-b46b-8b67948b72ea,98,Online Withdral,18612563,10/24/2019
f66e337c-a638-4cf9-a47c-1ae5640d4012,847,Withdrawl,20393305,1/16/2019
c242d064-e499-4b64-8cec-9deeb48720ce,898,ATM withdrawl,61197863,5/28/2020
7b52c0c2-3433-4fe7-b58c-a26c0b0c7743,517,Online Withdral,98917165,1/3/2019
b9b82e2a-d3c8-48aa-b3f2-4d87f8bde9da,323,online deposit,31743870,1/27/2019
842bdbe2-0a9f-4fbf-91aa-86b90022509a,589,Withdrawl,71352347,1/28/2019
ab2e4470-93bc-46e5-b524-ec207ea98ecd,729,Deposit,74722297,11/13/2020
5fcdc607-f83b-4287-ace4-d4bb49f44324,40,online deposit,78399594,6/30/2020
6a6aa192-5aed-41fd-8d0d-2df9ec9db46d,545,Online Withdral,93342283,12/5/2019
9982f755-209b-443b-a8aa-75dacd5ae541,77,online deposit,78422969,7/10/2020
4411bf1d-d222-4ed7-9c71-e635b932a504,631,Withdrawl,7996807,7/18/2020
e9c4d273-e8b1-41f7-922f-d477c747af39,337,Deposit,4917669,6/21/2020
1500ef37-929b-405f-ae3d-058f51a5b685,981,online deposit,69584817,9/3/2020
51bf77d3-b7ea-4b1c-ace1-51528f4def5c,882,Online Withdral,39852232,4/22/2019
fcd3cd70-9277-4ff8-a299-64feef8f1d74,898,Online Withdral,31856402,6/3/2019
6cc6b659-6492-4957-9584-f8a8fb7f00a1,668,,21908722,3/21/2020
6ff22177-1a65-4e64-8b37-155af00a7177,455,,12781801,8/3/2020
d68bc275-8e83-41d8-8ebb-818fa674d16f,328,Deposit,17223808,7/17/2020
3055273d-0a80-40ff-9afa-920d3510a47a,744,Withdrawl,47144668,
e1466d52-0488-4125-9144-21ae5919df7b,558,Withdrawl,75163276,1/22/2020
d561f080-f61e-4713-ab3d-86d301b3b0e2,597,Withdrawl,25855077,9/12/2020
2c88c347-a238-4f6a-8de5-eb1d94b8a750,972,online deposit,564578,10/17/2019
807ebac8-e2d1-47f8-9cca-313ff50f44d1,950,Withdrawl,13679045,7/20/2019
8d815991-9b03-46db-8094-187ff56c5faf,762,Withdrawl,31998986,4/9/2020
b62a0661-1376-4056-9633-fb9925ce1ce4,269,Deposit,74424157,6/1/2020
5d5aa359-d3ea-4089-86e2-c39e03f726c4,589,Online Withdral,89557393,2/27/2020
a5953c46-e58b-4879-9bed-9daa666439ff,172,online deposit,5241650,4/18/2020
c86b43a0-82a1-44eb-a40e-3116fa408f98,780,Withdrawl,71648809,1/3/2020
587cbd34-f49e-441e-a7a3-c3e13eba937c,111,Online Withdral,28604562,9/4/2019
3e0155d1-1a7d-4939-9d0a-c76fabb33d0e,296,Deposit,79102195,3/22/2019
2708e5da-844f-4048-922f-6b198a9d8d85,659,Deposit,93087741,4/4/2019
5357eab2-190d-47e5-beb6-ef9dd77638cc,951,,24055276,11/7/2019
d51320a1-1b1f-4552-99e6-49a5d5dc3542,121,online deposit,73296901,9/3/2019
a61b2a5d-74ff-4362-bd64-c14ef40142f5,59,Deposit,37142201,5/27/2020
462237a9-fdef-41db-b919-08a7f2761855,247,Deposit,1366252,
839f2899-ed33-42f7-87b3-1e4b02188284,727,Deposit,17597334,6/21/2020
1c721781-49d5-4ab8-87b4-fd6a19597a9d,283,online deposit,82209680,10/9/2019
86a37e88-b674-4af7-8520-9e60cbe015d1,389,Withdrawl,72363729,
dcab5239-7cec-46ba-9e9b-6c7c9560338f,904,Online Withdral,34443768,6/3/2020
5df59b68-3998-49f0-8796-c5ac823d3d06,529,,88867083,5/7/2019
edc49bc3-c12b-49ce-a3d9-5ed05500b30e,935,,27858812,1/29/2020
cdb1a212-b9e4-417b-bac2-6a6a63fa18ff,605,Deposit,27686174,9/17/2019
cbefc8de-9c26-4edd-9de4-0b5fd38f204e,458,Online Withdral,99579834,4/5/2019
a0dcd0a5-d315-4c85-8025-c36aec3ff6fa,831,Online Withdral,45612305,3/25/2020
99600303-000b-432c-8fee-8835d6ebb3ce,841,ATM withdrawl,53078142,1/9/2020
3cc6459a-99b1-4064-afd5-e7200c439d13,605,Withdrawl,80371368,10/18/2020
7b56f03e-1c71-4797-a4b1-6a7e53ff5316,356,ATM withdrawl,96606983,2/28/2019
5385b9b7-1642-4f33-bab3-e01ac7788a92,388,online deposit,28034877,12/29/2018
693bb563-64db-4c15-ac19-8c1c2483161e,291,Deposit,21607810,3/22/2019
8b949980-8718-4871-bb4e-cd4cb055b3dd,685,online deposit,37656743,4/4/2020
1ff71cd6-97c5-424a-8950-955ba1cc3f23,355,ATM withdrawl,73227601,7/15/2020
458ac200-48ff-4bbc-a814-52f75c5278b6,864,Online Withdral,63473058,5/7/2020
c21719ac-bff9-4df0-8705-a1429f21040f,650,Online Withdral,57637206,10/14/2019
8be7a79d-6094-4a1d-ab20-dea0bdf6bd34,976,online deposit,41591052,12/16/2018
c3b59f11-ce7f-4a0b-bd39-59a8394f9117,700,online deposit,99333432,11/18/2020
c5f38335-63c4-456a-a646-311a78b4d9ca,662,Deposit,34133003,2/4/2019
041b2ded-ddb6-4388-9a04-06e50e6a22f9,382,Deposit,24306237,8/7/2020
bc975701-6c2e-442c-b41f-0349a7948a31,877,online deposit,21041312,
5696231d-041f-410a-8927-6d26178daf0d,685,online deposit,37715623,1/11/2019
b3e6be00-1eac-414f-b0e0-64c07e8ce9a5,822,Withdrawl,14209776,12/20/2019
6960f1db-be13-41a4-b456-f791a406a378,847,online deposit,49429825,5/28/2019
780301a9-1438-4f3e-9b04-64b1ebaeef6a,762,Online Withdral,17447407,7/18/2020
90efacec-3be9-40c0-9558-0e242d841689,828,Deposit,21007471,5/1/2020
0afcafda-ffe9-4dec-802f-350dc44fd2b9,304,Withdrawl,73541120,2/4/2019
60a29238-fa71-4228-baff-23adae8acff9,877,ATM withdrawl,99015054,11/11/2020
675f2ffb-ce98-4d7f-a885-57fbbca87e63,594,online deposit,27804169,11/16/2020
fac0db03-d28c-4e1d-8913-37df168a33ca,224,online deposit,36948893,12/3/2020
c4a6faa9-b939-453c-a41a-ebd1cf86c3e6,908,Deposit,50160865,1/9/2019
8ddb9e99-e06a-49c0-89d7-a4472fd33c29,450,Deposit,9151928,7/6/2020
8ad44e9a-4736-4381-aa8d-e851d695595a,70,Online Withdral,65841299,1/13/2019
a6ab4a12-562a-4c91-8bd8-0a7fe5ae6d4d,84,Withdrawl,31776433,4/29/2020
bd6dd7a9-71a2-490c-ae02-a8fa8a22a58d,792,,34728705,7/15/2020
2e0c2838-77bc-44ac-821f-ff439a134147,645,Online Withdral,29200481,
5094f3d0-ca0b-4463-978e-b8176f27855f,571,Online Withdral,28356653,7/24/2019
83cf6374-9d1b-4d01-a78a-d53954802c05,956,Online Withdral,53417736,5/13/2020
8e9d0150-046f-408c-b9f0-83f427ed5c9d,614,ATM withdrawl,49860323,1/12/2019
9393834f-4199-4c75-8d99-d8d3a598ddbc,640,Online Withdral,70824122,4/7/2019
9ccea0d0-0fca-49c1-985b-1cc1d7f484c6,475,,92088259,11/10/2020
e589ef76-77d4-4cca-a280-c369244a9ce2,261,Withdrawl,40568451,6/30/2019
f2e88fbf-aff6-474f-9627-1b5c07acfc6a,701,ATM withdrawl,61738065,7/26/2019
ee373224-e835-4fe2-95bc-c7a853aee2a6,79,ATM withdrawl,94926926,3/25/2019
20ca0c37-f0a2-4470-b465-dea1612ec4de,547,Withdrawl,3476428,6/28/2020
340ec2cd-53be-4d5c-845f-d1198a75831d,550,Online Withdral,19896260,10/22/2020
57c3b230-2157-47ff-8008-fcfa5f16b867,170,ATM withdrawl,92766824,4/12/2020
908c3f48-a861-4bd3-8bc0-1378cf9df322,211,Withdrawl,25371816,5/17/2020
6a4ecec7-6fcf-4015-be1a-05fee36c4d1d,324,Deposit,31205700,3/1/2019
a75cda8f-1771-4a06-817c-1a9c2bd592ed,111,Withdrawl,43296876,6/5/2020
bbc01acd-2113-444a-b9c6-da9647c131aa,300,,80137194,9/7/2020
30b24124-adcb-452e-87e7-4717ce796eca,938,online deposit,61489514,12/10/2020
e1171b2f-4248-4bc0-98a2-31b03e472918,502,Deposit,86189560,7/19/2020
6d099d26-76b9-46b9-99c3-31ea7642f962,179,online deposit,56992436,9/10/2019
9fbb7a50-d139-4a1b-aa3e-bc36d672b2ff,452,ATM withdrawl,45607968,
a2f162af-ce2a-4c96-bf74-05b726c5765b,359,Deposit,17557547,8/5/2020
965a41aa-592c-4b57-85fa-6f480a44bf92,762,,26901222,3/28/2020
073794bf-0c2f-447c-a700-6e78f3cdc936,883,Withdrawl,70262131,8/1/2020
0981c29c-7347-4419-a8ed-8c0ea57b11c6,950,ATM withdrawl,42859360,9/22/2019
cef1d81f-ddb1-4845-9e11-4c8a2fdf9162,951,ATM withdrawl,57219073,5/16/2019
2f75b59a-5ba8-47e4-aea2-99b0477b5e4a,945,Withdrawl,63724796,
65b8f9bf-48f5-45ee-af19-32cde51b9fd6,928,Online Withdral,84176095,
24cf983c-4c79-4ff5-b3f3-2efa251c8f5c,490,ATM withdrawl,94271632,6/16/2020
54479539-4a43-43c8-ab89-aac99eb5b572,579,Deposit,67025288,
434a441c-c040-4ba1-8e9b-ea11d3a5dea1,127,Online Withdral,60703326,2/25/2019
4344ebc6-bebe-453d-8a2a-f702e5c20ca6,683,Online Withdral,25161562,6/22/2019
6f627d8f-b81b-4d78-ad68-7d5e139af404,753,Online Withdral,68218874,12/13/2018
af5e85a9-7366-44cb-bcec-694ccf2cd106,686,Deposit,13938508,1/10/2019
9c05b161-b5c7-4545-96b6-6423d5cfff12,581,Online Withdral,89365540,11/15/2020
ca3b8a01-4ed1-47ff-9270-45f1e8462e5f,166,Deposit,75018855,2/1/2020
169a8b87-6958-437c-80b2-b0641b9d9835,136,online deposit,69393231,8/7/2020
0a2caa31-c6cc-4cec-85b3-8d8b3ececb37,352,online deposit,66675312,8/2/2020
bae764c3-30e9-4544-90df-0b99b8915cc3,906,Deposit,94727431,7/31/2019
37bbf77c-154d-4908-a19f-8ce18fdddc12,404,online deposit,53071466,7/29/2020
e55de51d-69d2-4280-9220-cae9f16d458f,822,Deposit,67272455,12/30/2019
70355df3-579d-4652-9e7c-ace41c87fa6e,595,Deposit,65042108,9/8/2020
c7536b24-ce6a-4d67-be50-9ae00042be3b,737,Online Withdral,92177568,8/24/2019
bd8672e9-6d11-4ab6-9e4f-36fd43b9feff,844,Deposit,78629471,7/10/2020
4f5d6495-e73e-4b57-b1c2-877bad20aaf1,759,Deposit,68907719,9/10/2019
9dba4ffd-0ca4-409e-9cfd-3442425465b7,662,Online Withdral,87850018,12/16/2018
04846f1b-4ac4-4d59-8287-cc26f2ad4abd,188,Deposit,67623092,4/17/2020
04fcb7ce-73cd-492b-84f7-8b5a4cab77b5,785,online deposit,68585960,1/31/2020
6d8ede22-aa41-4fdf-b9ea-975e98f4af42,372,,73359195,12/28/2019
9acb5f50-e104-4852-89ed-98841935dd75,228,Online Withdral,90197651,12/9/2020
9910564f-1625-4483-adab-8255e7d6fe11,132,,45676652,10/3/2020
bccd473f-6180-4609-8e04-dd6da94fd0c4,991,Online Withdral,80214832,1/6/2019
09ee6d39-49d6-418a-819d-67ee5de232e0,261,online deposit,98787406,7/19/2019
46999483-3208-4215-999e-e50e62a43278,176,Deposit,21297758,7/17/2020
4eb50044-3399-484d-982b-b20f271a3c8a,609,ATM withdrawl,44095726,2/11/2019
c0227ba2-cc8a-4a39-880d-9469c5508e28,968,Deposit,83144143,3/19/2020
c41711b1-9065-43b4-bdeb-8a178d72145d,940,Deposit,68207334,1/2/2020
d2682daf-cc54-4e70-989f-2dbed9b4c5fa,920,Online Withdral,9839017,11/2/2019
